-- MariaDB dump 10.19  Distrib 10.4.24-MariaDB, for Win64 (AMD64)
--
-- Host: 127.0.0.1    Database: dhouse
-- ------------------------------------------------------
-- Server version	10.4.24-MariaDB

/*!40101 SET @OLD_CHARACTER_SET_CLIENT=@@CHARACTER_SET_CLIENT */;
/*!40101 SET @OLD_CHARACTER_SET_RESULTS=@@CHARACTER_SET_RESULTS */;
/*!40101 SET @OLD_COLLATION_CONNECTION=@@COLLATION_CONNECTION */;
/*!40101 SET NAMES utf8 */;
/*!40103 SET @OLD_TIME_ZONE=@@TIME_ZONE */;
/*!40103 SET TIME_ZONE='+00:00' */;
/*!40014 SET @OLD_UNIQUE_CHECKS=@@UNIQUE_CHECKS, UNIQUE_CHECKS=0 */;
/*!40014 SET @OLD_FOREIGN_KEY_CHECKS=@@FOREIGN_KEY_CHECKS, FOREIGN_KEY_CHECKS=0 */;
/*!40101 SET @OLD_SQL_MODE=@@SQL_MODE, SQL_MODE='NO_AUTO_VALUE_ON_ZERO' */;
/*!40111 SET @OLD_SQL_NOTES=@@SQL_NOTES, SQL_NOTES=0 */;

--
-- Table structure for table `categorias`
--

DROP TABLE IF EXISTS `categorias`;
/*!40101 SET @saved_cs_client     = @@character_set_client */;
/*!40101 SET character_set_client = utf8 */;
CREATE TABLE `categorias` (
  `id` int(10) unsigned NOT NULL AUTO_INCREMENT,
  `descricao` varchar(50) COLLATE utf8_unicode_ci NOT NULL,
  `departamento_id` int(10) unsigned NOT NULL,
  PRIMARY KEY (`id`),
  KEY `fk_categoria_departamento1_idx` (`departamento_id`),
  CONSTRAINT `fk_categoria_departamento1` FOREIGN KEY (`departamento_id`) REFERENCES `departamentos` (`id`) ON DELETE NO ACTION ON UPDATE NO ACTION
) ENGINE=InnoDB AUTO_INCREMENT=16 DEFAULT CHARSET=utf8 COLLATE=utf8_unicode_ci;
/*!40101 SET character_set_client = @saved_cs_client */;

--
-- Dumping data for table `categorias`
--

LOCK TABLES `categorias` WRITE;
/*!40000 ALTER TABLE `categorias` DISABLE KEYS */;
INSERT INTO `categorias` VALUES (1,'Prato Raso',1),(2,'Prato Fundo',1),(3,'Prato Sobremesa',1),(4,'Sousplat',1),(5,'Xicara de cha',2),(6,'Xicara de cafe',2),(7,'Canecas',2),(8,'Bowls',3),(9,'Petisqueira',3),(10,'Tigelas',3),(11,'Travessas',3),(12,'Prato de bolo',3),(13,'20 pecas',4),(14,'30 pecas',4),(15,'42 pecas',4);
/*!40000 ALTER TABLE `categorias` ENABLE KEYS */;
UNLOCK TABLES;

--
-- Table structure for table `compra`
--

DROP TABLE IF EXISTS `compra`;
/*!40101 SET @saved_cs_client     = @@character_set_client */;
/*!40101 SET character_set_client = utf8 */;
CREATE TABLE `compra` (
  `id` int(10) unsigned NOT NULL AUTO_INCREMENT,
  `total` float NOT NULL,
  `data` date NOT NULL,
  `pago` bit(1) NOT NULL DEFAULT b'0',
  `enderecoEntrega` varchar(85) COLLATE utf8_unicode_ci NOT NULL,
  `usuarios_id` int(10) unsigned NOT NULL,
  `endereco_id` int(10) unsigned NOT NULL,
  PRIMARY KEY (`id`),
  KEY `fk_compra_usuario1_idx` (`usuarios_id`),
  CONSTRAINT `fk_compra_usuario1` FOREIGN KEY (`usuarios_id`) REFERENCES `usuarios` (`id`) ON DELETE NO ACTION ON UPDATE NO ACTION
) ENGINE=InnoDB AUTO_INCREMENT=4 DEFAULT CHARSET=utf8 COLLATE=utf8_unicode_ci;
/*!40101 SET character_set_client = @saved_cs_client */;

--
-- Dumping data for table `compra`
--

LOCK TABLES `compra` WRITE;
/*!40000 ALTER TABLE `compra` DISABLE KEYS */;
INSERT INTO `compra` VALUES (1,1234.8,'2022-12-06','','Rua Universal 361 apto11 Anchieta São Bernardo do Campo SP',1,1),(2,3001.9,'2021-02-08','','Rua Universal 361 apto11 Anchieta São Bernardo do Campo SP',1,1),(3,638.4,'2019-01-02','\0','Rua Universal 361 apto11 Anchieta São Bernardo do Campo SP',2,2);
/*!40000 ALTER TABLE `compra` ENABLE KEYS */;
UNLOCK TABLES;

--
-- Table structure for table `compra_has_produto`
--

DROP TABLE IF EXISTS `compra_has_produto`;
/*!40101 SET @saved_cs_client     = @@character_set_client */;
/*!40101 SET character_set_client = utf8 */;
CREATE TABLE `compra_has_produto` (
  `compra_id` int(10) unsigned NOT NULL,
  `produto_id` int(10) unsigned NOT NULL,
  `id` int(10) NOT NULL,
  PRIMARY KEY (`id`),
  KEY `fk_compra_has_produto_produto1_idx` (`produto_id`),
  KEY `fk_compra_has_produto_compra1_idx` (`compra_id`),
  CONSTRAINT `fk_compra_has_produto_produto1` FOREIGN KEY (`produto_id`) REFERENCES `produtos` (`id`) ON DELETE NO ACTION ON UPDATE NO ACTION
) ENGINE=InnoDB DEFAULT CHARSET=utf8 COLLATE=utf8_unicode_ci;
/*!40101 SET character_set_client = @saved_cs_client */;

--
-- Dumping data for table `compra_has_produto`
--

LOCK TABLES `compra_has_produto` WRITE;
/*!40000 ALTER TABLE `compra_has_produto` DISABLE KEYS */;
INSERT INTO `compra_has_produto` VALUES (1,1,1),(1,2,2),(1,3,3),(1,4,4),(2,6,5),(2,8,6),(2,11,7),(2,28,8),(2,32,9),(3,64,10),(3,65,11),(3,66,12);
/*!40000 ALTER TABLE `compra_has_produto` ENABLE KEYS */;
UNLOCK TABLES;

--
-- Table structure for table `departamentos`
--

DROP TABLE IF EXISTS `departamentos`;
/*!40101 SET @saved_cs_client     = @@character_set_client */;
/*!40101 SET character_set_client = utf8 */;
CREATE TABLE `departamentos` (
  `id` int(10) unsigned NOT NULL AUTO_INCREMENT,
  `descricao` varchar(50) COLLATE utf8_unicode_ci NOT NULL,
  PRIMARY KEY (`id`)
) ENGINE=InnoDB AUTO_INCREMENT=5 DEFAULT CHARSET=utf8 COLLATE=utf8_unicode_ci;
/*!40101 SET character_set_client = @saved_cs_client */;

--
-- Dumping data for table `departamentos`
--

LOCK TABLES `departamentos` WRITE;
/*!40000 ALTER TABLE `departamentos` DISABLE KEYS */;
INSERT INTO `departamentos` VALUES (1,'PRATO CERAMICA'),(2,'XICARA CERAMICA'),(3,'COMPLEMENTOS CERAMICA'),(4,'JANTAR CERAMICA');
/*!40000 ALTER TABLE `departamentos` ENABLE KEYS */;
UNLOCK TABLES;

--
-- Table structure for table `enderecos`
--

DROP TABLE IF EXISTS `enderecos`;
/*!40101 SET @saved_cs_client     = @@character_set_client */;
/*!40101 SET character_set_client = utf8 */;
CREATE TABLE `enderecos` (
  `id` int(10) NOT NULL AUTO_INCREMENT,
  `rua` varchar(100) NOT NULL,
  `numero` varchar(45) NOT NULL,
  `complemento` varchar(45) DEFAULT NULL,
  `cep` int(8) NOT NULL,
  `bairro` varchar(50) NOT NULL,
  `cidade` varchar(50) NOT NULL,
  `estado` varchar(2) NOT NULL,
  `usuarios_id` int(10) unsigned NOT NULL,
  PRIMARY KEY (`id`),
  KEY `fk_endereco_usuario1_idx` (`usuarios_id`),
  CONSTRAINT `fk_endereco_usuario1` FOREIGN KEY (`usuarios_id`) REFERENCES `usuarios` (`id`) ON DELETE NO ACTION ON UPDATE NO ACTION
) ENGINE=InnoDB AUTO_INCREMENT=4 DEFAULT CHARSET=utf8;
/*!40101 SET character_set_client = @saved_cs_client */;

--
-- Dumping data for table `enderecos`
--

LOCK TABLES `enderecos` WRITE;
/*!40000 ALTER TABLE `enderecos` DISABLE KEYS */;
INSERT INTO `enderecos` VALUES (1,'Rua Universal','361','Apto 11',9608000,'Anchieta','São Bernardo do Campo','SP',1),(2,'Rua Placido Afonso Rausis','20','casa',89213600,'Nova Brasilia','Joinville','SC',2),(3,'Rua José Bonifácio','474','Apto 12',9721160,'Centro','São Bernardo do Campo','SP',3);
/*!40000 ALTER TABLE `enderecos` ENABLE KEYS */;
UNLOCK TABLES;

--
-- Table structure for table `imagem`
--

DROP TABLE IF EXISTS `imagem`;
/*!40101 SET @saved_cs_client     = @@character_set_client */;
/*!40101 SET character_set_client = utf8 */;
CREATE TABLE `imagem` (
  `id` int(10) unsigned NOT NULL AUTO_INCREMENT,
  `url` varchar(2083) COLLATE utf8_unicode_ci NOT NULL,
  `produto_id` int(10) unsigned NOT NULL,
  PRIMARY KEY (`id`),
  KEY `fk_imagem_produto1_idx` (`produto_id`),
  CONSTRAINT `fk_imagem_produto1` FOREIGN KEY (`produto_id`) REFERENCES `produtos` (`id`) ON DELETE NO ACTION ON UPDATE NO ACTION
) ENGINE=InnoDB AUTO_INCREMENT=203 DEFAULT CHARSET=utf8 COLLATE=utf8_unicode_ci;
/*!40101 SET character_set_client = @saved_cs_client */;

--
-- Dumping data for table `imagem`
--

LOCK TABLES `imagem` WRITE;
/*!40000 ALTER TABLE `imagem` DISABLE KEYS */;
INSERT INTO `imagem` VALUES (1,'../images/PratosRasos/1/1.PNG',1),(2,'../images/PratosRasos/2/1.PNG',2),(3,'../images/PratosRasos/3/1.PNG',3),(4,'../images/PratosRasos/4/1.PNG',4),(5,'../images/PratosRasos/5/1.PNG',5),(6,'../images/PratosRasos/6/1.PNG',6),(7,'../images/PratosRasos/7/1.PNG',7),(8,'../images/PratosRasos/8/1.PNG',8),(9,'../images/PratosRasos/9/1.PNG',9),(10,'../images/PratosRasos/10/1.PNG',10),(11,'../images/PratosRasos/11/1.PNG',11),(12,'../images/PratosRasos/12/1.PNG',12),(13,'../images/PratosRasos/13/1.PNG',13),(14,'../images/PratosRasos/14/1.PNG',14),(15,'../images/PratosRasos/15/1.PNG',15),(16,'../images/PratosRasos/16/1.PNG',16),(17,'../images/PratosRasos/17/1.PNG',17),(18,'../images/PratosRasos/18/1.PNG',18),(19,'../images/PratosRasos/19/1.PNG',19),(20,'../images/PratosRasos/20/1.PNG',20),(21,'../images/PratosRasos/21/1.PNG',21),(22,'../images/PratosRasos/22/1.PNG',22),(23,'../images/PratosRasos/23/1.PNG',23),(24,'../images/PratosRasos/24/1.PNG',24),(25,'../images/PratosFundos/1.PNG',25),(26,'../images/PratosFundos/2.PNG',26),(27,'../images/PratosFundos/3.PNG',27),(28,'../images/PratosFundos/4.PNG',28),(29,'../images/PratosFundos/5.PNG',29),(30,'../images/PratosFundos/6.PNG',30),(31,'../images/PratosFundos/7.PNG',31),(32,'../images/PratosFundos/8.PNG',32),(33,'../images/PratosFundos/9.PNG',33),(34,'../images/PratosFundos/10.PNG',34),(35,'../images/PratosFundos/11.PNG',35),(36,'../images/PratosFundos/12.PNG',36),(37,'../images/PratosFundos/13.PNG',37),(38,'../images/PratosFundos/14.PNG',38),(39,'../images/PratosFundos/15.PNG',39),(40,'../images/PratosFundos/16.PNG',40),(41,'../images/PratosFundos/17.PNG',41),(42,'../images/PratosFundos/18.PNG',42),(43,'../images/PratosFundos/19.PNG',43),(44,'../images/PratosFundos/20.PNG',44),(45,'../images/PratosFundos/21.PNG',45),(46,'../images/PratosFundos/22.PNG',46),(47,'../images/PratosFundos/23.PNG',47),(48,'../images/PratosFundos/24.PNG',48),(49,'../images/PratoSobremesas/1.PNG',49),(50,'../images/PratoSobremesas/2.PNG',50),(51,'../images/PratoSobremesas/3.PNG',51),(52,'../images/PratoSobremesas/4.PNG',52),(53,'../images/PratoSobremesas/5.PNG',53),(54,'../images/PratoSobremesas/6.PNG',54),(55,'../images/PratoSobremesas/7.PNG',55),(56,'../images/PratoSobremesas/8.PNG',56),(57,'../images/PratoSobremesas/9.PNG',57),(58,'../images/PratoSobremesas/10.PNG',58),(59,'../images/PratoSobremesas/11.PNG',59),(60,'../images/PratoSobremesas/12.PNG',60),(61,'../images/PratoSobremesas/13.PNG',61),(62,'../images/PratoSobremesas/14.PNG',62),(63,'../images/PratoSobremesas/15.PNG',63),(64,'../images/PratoSobremesas/16.PNG',64),(65,'../images/PratoSobremesas/17.PNG',65),(66,'../images/PratoSobremesas/18.PNG',66),(67,'../images/PratoSobremesas/19.PNG',67),(68,'../images/PratoSobremesas/20.PNG',68),(69,'../images/PratoSobremesas/21.PNG',69),(70,'../images/PratoSobremesas/22.PNG',70),(71,'../images/PratoSobremesas/23.PNG',71),(72,'../images/PratoSobremesas/24.PNG',72),(73,'../images/Sousplats/1.PNG',73),(74,'../images/Sousplats/2.PNG',74),(75,'../images/Sousplats/3.PNG',75),(76,'../images/Sousplats/4.PNG',76),(77,'../images/Sousplats/5.PNG',77),(78,'../images/Sousplats/6.PNG',78),(79,'../images/Sousplats/7.PNG',79),(80,'../images/Sousplats/8.PNG',80),(81,'../images/Sousplats/9.PNG',81),(82,'../images/Sousplats/10.PNG',82),(83,'../images/Sousplats/11.PNG',83),(84,'../images/Sousplats/12.PNG',84),(85,'../images/Xicara de cha/1.PNG',85),(86,'../images/Xicara de cha/2.PNG',86),(87,'../images/Xicara de cha/3.PNG',87),(88,'../images/Xicara de cha/4.PNG',88),(89,'../images/Xicara de cha/5.PNG',89),(90,'../images/Xicara de cha/6.PNG',90),(91,'../images/Xicara de cha/7.PNG',91),(92,'../images/Xicara de cha/8.PNG',92),(93,'../images/Xicara de cha/9.PNG',93),(94,'../images/Xicara de cha/10.PNG',94),(95,'../images/Xicara de cha/11.PNG',95),(96,'../images/Xicara de cha/12.PNG',96),(97,'../images/Xicara de cafe/1.PNG',97),(98,'../images/Xicara de cafe/2.PNG',98),(99,'../images/Xicara de cafe/3.PNG',99),(100,'../images/Xicara de cafe/4.PNG',100),(101,'../images/Xicara de cafe/5.PNG',101),(102,'../images/Xicara de cafe/6.PNG',102),(103,'../images/Xicara de cafe/7.PNG',103),(104,'../images/Xicara de cafe/8.PNG',104),(105,'../images/Xicara de cafe/9.PNG',105),(106,'../images/Xicara de cafe/10.PNG',106),(107,'../images/Xicara de cafe/11.PNG',107),(108,'../images/Xicara de cafe/12.PNG',108),(109,'../images/Canecas/1.PNG',109),(110,'../images/Canecas/2.PNG',110),(111,'../images/Canecas/3.PNG',111),(112,'../images/Canecas/4.PNG',112),(113,'../images/Canecas/5.PNG',113),(114,'../images/Canecas/6.PNG',114),(115,'../images/Canecas/7.PNG',115),(116,'../images/Canecas/8.PNG',116),(117,'../images/Canecas/9.PNG',117),(118,'../images/Canecas/10.PNG',118),(119,'../images/Canecas/11.PNG',119),(120,'../images/Canecas/12.PNG',120),(121,'../images/Bowls/1.PNG',121),(122,'../images/Bowls/2.PNG',122),(123,'../images/Bowls/3.PNG',123),(124,'../images/Bowls/4.PNG',124),(125,'../images/Bowls/5.PNG',125),(126,'../images/Bowls/6.PNG',126),(127,'../images/Bowls/7.PNG',127),(128,'../images/Bowls/8.PNG',128),(129,'../images/Bowls/9.PNG',129),(130,'../images/Bowls/10.PNG',130),(131,'../images/Bowls/11.PNG',131),(132,'../images/Bowls/12.PNG',132),(133,'../images/Petisqueiras/1.PNG',133),(134,'../images/Petisqueiras/2.PNG',134),(135,'../images/Petisqueiras/3.PNG',135),(136,'../images/Petisqueiras/4.PNG',136),(137,'../images/Petisqueiras/5.PNG',137),(138,'../images/Tigelas/1.PNG',138),(139,'../images/Tigelas/2.PNG',139),(140,'../images/Tigelas/3.PNG',140),(141,'../images/Tigelas/4.PNG',141),(142,'../images/Tigelas/5.PNG',142),(143,'../images/Tigelas/6.PNG',143),(144,'../images/Tigelas/7.PNG',144),(145,'../images/Tigelas/8.PNG',145),(146,'../images/Tigelas/9.PNG',146),(147,'../images/Tigelas/10.PNG',147),(148,'../images/Tigelas/11.PNG',148),(149,'../images/Tigelas/12.PNG',149),(150,'../images/Travessas/1.PNG',150),(151,'../images/Travessas/2.PNG',151),(152,'../images/Travessas/3.PNG',152),(153,'../images/Travessas/4.PNG',153),(154,'../images/Travessas/5.PNG',154),(155,'../images/Travessas/6.PNG',155),(156,'../images/Travessas/7.PNG',156),(157,'../images/Travessas/8.PNG',157),(158,'../images/Travessas/9.PNG',158),(159,'../images/Travessas/10.PNG',159),(160,'../images/Travessas/11.PNG',160),(161,'../images/Travessas/12.PNG',161),(162,'../images/Prato de bolo/1.PNG',162),(163,'../images/Prato de bolo/2.PNG',163),(164,'../images/Prato de bolo/3.PNG',164),(165,'../images/Prato de bolo/4.PNG',165),(166,'../images/Prato de bolo/5.PNG',166),(167,'../images/Prato de bolo/6.PNG',167),(168,'../images/Prato de bolo/7.PNG',168),(169,'../images/20 pecas/1.PNG',169),(170,'../images/20 pecas/2.PNG',170),(171,'../images/20 pecas/3.PNG',171),(172,'../images/20 pecas/4.PNG',172),(173,'../images/20 pecas/5.PNG',173),(174,'../images/20 pecas/6.PNG',174),(175,'../images/20 pecas/7.PNG',175),(176,'../images/20 pecas/8.PNG',176),(177,'../images/20 pecas/9.PNG',177),(178,'../images/20 pecas/10.PNG',178),(179,'../images/20 pecas/11.PNG',179),(180,'../images/20 pecas/12.PNG',180),(181,'../images/30 pecas/1.PNG',181),(182,'../images/30 pecas/2.PNG',182),(183,'../images/30 pecas/3.PNG',183),(184,'../images/30 pecas/4.PNG',184),(185,'../images/30 pecas/5.PNG',185),(186,'../images/30 pecas/6.PNG',186),(187,'../images/30 pecas/7.PNG',187),(188,'../images/30 pecas/8.PNG',188),(189,'../images/30 pecas/9.PNG',189),(190,'../images/30 pecas/10.PNG',190),(191,'../images/30 pecas/11.PNG',191),(192,'../images/30 pecas/12.PNG',192),(193,'../images/42 pecas/1.PNG',193),(194,'../images/42 pecas/2.PNG',194),(195,'../images/42 pecas/3.PNG',195),(196,'../images/42 pecas/4.PNG',196),(197,'../images/42 pecas/5.PNG',197),(198,'../images/42 pecas/6.PNG',198),(199,'../images/42 pecas/7.PNG',199),(200,'../images/42 pecas/8.PNG',200),(201,'../images/42 pecas/9.PNG',201),(202,'../images/42 pecas/10.PNG',202);
/*!40000 ALTER TABLE `imagem` ENABLE KEYS */;
UNLOCK TABLES;

--
-- Table structure for table `produtos`
--

DROP TABLE IF EXISTS `produtos`;
/*!40101 SET @saved_cs_client     = @@character_set_client */;
/*!40101 SET character_set_client = utf8 */;
CREATE TABLE `produtos` (
  `id` int(10) unsigned NOT NULL AUTO_INCREMENT,
  `nome` varchar(50) COLLATE utf8_unicode_ci NOT NULL,
  `preco` float NOT NULL,
  `marca` varchar(45) COLLATE utf8_unicode_ci NOT NULL,
  `qtdeEmEstoque` int(11) DEFAULT NULL,
  `descricao` varchar(4000) COLLATE utf8_unicode_ci DEFAULT NULL,
  `categoria_id` int(10) unsigned NOT NULL,
  PRIMARY KEY (`id`),
  KEY `fk_produto_categoria1_idx` (`categoria_id`),
  CONSTRAINT `fk_produto_categoria1` FOREIGN KEY (`categoria_id`) REFERENCES `categorias` (`id`) ON DELETE NO ACTION ON UPDATE NO ACTION
) ENGINE=InnoDB AUTO_INCREMENT=204 DEFAULT CHARSET=utf8 COLLATE=utf8_unicode_ci;
/*!40101 SET character_set_client = @saved_cs_client */;

--
-- Dumping data for table `produtos`
--

LOCK TABLES `produtos` WRITE;
/*!40000 ALTER TABLE `produtos` DISABLE KEYS */;
INSERT INTO `produtos` VALUES (1,'CONJUNTO C/ 6 PRATOS RASO BIO STONEWARE CAMPESTRE ',267.66,'Porto Brasil Cerâmica',100,'A vida simples e bucólica do campo serve de inspiração para nossa linha Campestre. Com flores delicadas que remetem a toda simplicidade campesina, nossa linha leva para os centros urbanos a calmaria do campo.',1),(2,'CONJUNTO C/ 6 PRATOS RASO ORGÂNICO PRETO MATTE Ø 2',319.9,'Porto Brasil Cerâmica',90,'A Porto Brasil lança a mais inovadora coleção de sua história. Assinada pelo chef Carlos Bertolazzi, a coleção Geo foi inspirada na essência da Terra para surpreender em elementos contemporâneos, sofisticados e singulares. O Stoneware oferece o acordo primoroso entre o resistente e o maleável, e as mãos artesanais que não repetem sua precisão, proporcionam peças exclusivas e fascinantes. Dizendo muito com pouco, a Porto Brasil nos mostrou que a perfeição está naquilo que é único.',1),(3,'CONJUNTO C/ 6 PRATOS RASO BIO STONEWARE BOREAL Ø 2',314.9,'Porto Brasil Cerâmica',129,'A aurora Boreal é um dos mais impressionantes espetáculos da natureza, as luzes invadem o céu com uma sinfonia luminosa que transcende nossa compreensão. E é isso que buscamos em nossos momentos: algo inigualável, único e singular.',1),(4,'CONJUNTO C/ 6 PRATOS RASO BIO STONEWARE TERRAKOTTA',267.66,'Porto Brasil Cerâmica',200,'Com o seu tom único laranja acastanhado, a terracota tem sido base há muito tempo para as mais diversas obras de arte e outros objetos. A linha Terrakotta traz a cor única, que está intimamente ligada à criatividade, para dar um toque alegre e harmonioso para o seu lar.',1),(5,'CONJUNTO C/ 6 PRATOS RASO BIO STONEWARE CLAY Ø 27,',267.66,'Porto Brasil Cerâmica',78,'A Porto Brasil lança a mais inovadora coleção de sua história. Assinada pelo chef Carlos Bertolazzi, a coleção Geo foi inspirada na essência da Terra para surpreender em elementos contemporâneos, sofisticados e singulares. O Stoneware oferece o acordo primoroso entre o resistente e o maleável, e as mãos artesanais que não repetem sua precisão, proporcionam peças exclusivas e fascinantes. Dizendo muito com pouco, a Porto Brasil nos mostrou que a perfeição está naquilo que é único.',1),(6,'CONJUNTO C/ 6 PRATOS RASO ORGÂNICO PRETO MATTE Ø 2',271.92,'Porto Brasil Cerâmica',109,'A Porto Brasil lança a mais inovadora coleção de sua história. Assinada pelo chef Carlos Bertolazzi, a coleção Geo foi inspirada na essência da Terra para surpreender em elementos contemporâneos, sofisticados e singulares. O Stoneware oferece o acordo primoroso entre o resistente e o maleável, e as mãos artesanais que não repetem sua precisão, proporcionam peças exclusivas e fascinantes. Dizendo muito com pouco, a Porto Brasil nos mostrou que a perfeição está naquilo que é único',1),(7,'CONJUNTO C/ 6 PRATOS RASO AGRA BRANCO Ø 27,5 CM',183.52,'Porto Brasil Cerâmica',90,'A cidade indiana de Agra abriga nada mais, nada menos, que um dos grandes patrimônios da humanidade, o Taj Mahal. Considerada uma das sete maravilhas do mundo moderno, o suntuoso monumento de mármore foi construído por cerca de vinte mil homens e abriga um dos principais conjuntos arquitetônicos da história, que serviu de inspiração para a nova linha da Porto Brasil.',1),(8,'CONJUNTO C/ 6 PRATOS RASO BIO STONEWARE LEAF',267.66,'Porto Brasil Cerâmica',118,'As folhas nas árvores dizem muito sobre o tempo. Quando alaranjadas, sabemos que o outono está por aqui. Ao caírem, o inverno chega. Verdes, sabemos que mais um ciclo se inicia na natureza e na vida. A linha Leaf foi criada pensando na incrível intensidade que as folhas verdes nas árvores trazem consigo.',1),(9,'CONJUNTO C/ 6 PRATOS RASO BIO STONEWARE VENTANIA Ø',267.66,'Porto Brasil Cerâmica',19,'O barulho dos galhos se movimentando, o cheiro das folhas verdes que o vento traz. A tranquilidade como se a ventania que passa levasse todas as nossas preocupações consigo. A delicadeza do vento e a leveza das folhas estão estampados na nossa linha Ventania.',1),(10,'CONJUNTO C/ 6 PRATOS RASO BIO STONEWARE ELEMENTO Ø',267.66,'Porto Brasil Cerâmica',200,'A cidade indiana de Agra abriga nada mais, nada menos, que um dos grandes patrimônios da humanidade, o Taj Mahal. Considerada uma das sete maravilhas do mundo moderno, o suntuoso monumento de mármore foi construído por cerca de vinte mil homens e abriga um dos principais conjuntos arquitetônicos da história, que serviu de inspiração para a nova linha da Porto Brasil.',1),(11,'CONJUNTO C/ 6 PRATOS RASO BIO STONEWARE CLAY Ø 27,',267.66,'Porto Brasil Cerâmica',158,'Um material moldável, no entanto, resistente, a argila dá forma às mais diversas criações artísticas de maneira muito versátil. Nossa linha Clay foi desenvolvida pensando nas diversas possibilidades de combinações para sua mesa posta.',1),(12,'CONJUNTO C/ 6 PRATOS RASO COUP MEDITERRÂNEO Ø 27,5',233.66,'Porto Brasil Cerâmica',200,'O mediterrâneo é um verdadeiro paraíso, encanta os olhos com suas praias e cidades memoráveis. A gastronomia é uma das mais influentes do mundo e não há palavras para definir a profundidade cultural dessa região que abrigou os maiores impérios da história.',1),(13,'CONJUNTO C/ 6 PRATOS RASO MÔNACO NÉCTAR Ø 26 CM',217.52,'Porto Brasil Cerâmica',20,'O néctar é sinônimo de vida, pois é dele que sobrevivem as mais diversas espécies de animais. O néctar também é associado à sabedoria. Nossa linha Néctar representa este elemento tão importante na natureza em peças de extremo bom gosto que são tão elementares nas composições quanto o próprio néctar é na natureza.',1),(14,'CONJUNTO C/ 6 PRATOS RASO COUP ASTECA Ø 27,5 CM',233.66,'Porto Brasil Cerâmica',38,'Os astecas foram uma das civilizações pré-colombianas mais importantes. Viveram no que é o atual território do México e tinham uma arquitetura e arte de grande imponência. Eles nos inspiraram com a sua história para desenvolvermos essa linha.',1),(15,'CONJUNTO C/ 6 PRATOS RASO BIO STONEWARE OAK Ø 27,5',267.66,'Porto Brasil Cerâmica',79,'The King Oak é uma das árvores mais antigas da Dinamarca, ao meio da floresta de Jægerspris, o carvalho tem quase dois mil anos de idade. E qual seria o segredo dessa longevidade? Acreditamos que seja valorizar a vida em cada um de seus detalhes.',1),(16,'CONJUNTO C/ 6 PRATOS RASO COUP IKEBANA Ø 27,5CM',233.66,'Porto Brasil Cerâmica',50,'Ikebana é um termo em japonês que significa flores vivas. Os japoneses organizam os ikebanas deles para cerimônias religiosas e procuram fazê-los da maneira mais natural e equilibrada possível. Nossa linha Ikebana traz a naturalidade desses arranjos florais na sua estampa.',1),(17,'CONJUNTO C/ 6 PRATOS RASO BIO STONEWARE SEIVA Ø 27',267.66,'Porto Brasil Cerâmica',158,'Assim como a seiva corre nas folhas, levando vida a toda planta, a Porto Brasil conduz os detalhes para cada lar, a fim de dar mais vida a cada mesa posta e a cada reunião familiar. A linha Seiva leva estampada folhagens para lembrarmos da vida que cada uma delas carrega.',1),(18,'CONJUNTO C/ 6 PRATOS RASO BIO STONEWARE NATIVA Ø 2',267.66,'Porto Brasil Cerâmica',39,'A naturalidade das coisas nos fascina. Pensar em como surge a vida em todo e qualquer lugar, independente das circunstâncias. A linha Nativa foi inspirada na força e espontaneidade da natureza.',1),(19,'CONJUNTO C/ 6 PRATOS RASO COUP LA VIE Ø 27,5CM',233.66,'Porto Brasil Cerâmica',200,'A vida entrelaça nossos momentos e se manifesta de infinitas formas. Mas de todas elas, a natureza do que é vivo toca nossos olhos demonstrando genialidade em cada cor, textura e som. O canto dos pássaros, suas tonalidades, as folhas e flores de uma árvore foram as inspirações para nossa mais nova linha.',1),(20,'CONJUNTO C/ 6 PRATOS RASO NEO NIGHT SKY Ø 27CM',284.66,'Porto Brasil Cerâmica',68,'Para alguns, a noite chega com sua escuridão, para nós, ela vem com suas luzes e possibilidades. Você já se perguntou, como são belos os momentos que podemos viver debaixo das estrelas?',1),(21,'CONJUNTO C/ 6 PRATOS RASO NEO VIT Ø 27CM',267.66,'Porto Brasil Cerâmica',200,'A aurora Boreal é um dos mais impressionantes espetáculos da natureza, as luzes invadem o céu com uma sinfonia luminosa que transcende nossa compreensão. E é isso que buscamos em nossos momentos: algo inigualável, único e singular.',1),(22,'CONJUNTO C/ 6 PRATOS RASO AGRA CANTALOUPE Ø 27,5CM',200.52,'Porto Brasil Cerâmica',10,'A cidade indiana de Agra abriga nada mais, nada menos, que um dos grandes patrimônios da humanidade, o Taj Mahal. Considerada uma das sete maravilhas do mundo moderno, o suntuoso monumento de mármore foi construído por cerca de vinte mil homens e abriga um dos principais conjuntos arquitetônicos da história, que serviu de inspiração para a nova linha da Porto Brasil.',1),(23,'CONJUNTO C/ 6 PRATOS RASO MÔNACO LIMONE Ø 26 CM',217.52,'Porto Brasil Cerâmica',48,'O limão-siciliano foi levado da Pérsia para a Europa através dos árabes, sendo um fruto cítrico decorativo, utilizado medicinalmente e posterior agregado à cultura gastronômica',1),(24,'CONJUNTO C/ 6 PRATOS RASO COUP DAMASCO Ø 27,5 CM',233.66,'Porto Brasil Cerâmica',40,'Damasco é um famoso centro histórico. Cercada por muralhas, a capital árabe da cultura é um marco para a história da humanidade. Cheia de relíquias e tradição, a capital da Síria é a inspiração para linha que carrega seu nome.',1),(25,'CONJUNTO C/ 6 PRATOS FUNDO BIO STONEWARE BOREAL Ø ',248.96,'Porto Brasil Cerâmica',45,'A aurora Boreal é um dos mais impressionantes espetáculos da natureza, as luzes invadem o céu com uma sinfonia luminosa que transcende nossa compreensão. E é isso que buscamos em nossos momentos: algo inigualável, único e singular.',2),(26,'CONJUNTO C/ 6 PRATOS FUNDO BIO STONEWARE CAMPESTRE',248.96,'Porto Brasil Cerâmica',68,'A vida simples e bucólica do campo serve de inspiração para nossa linha Campestre. Com flores delicadas que remetem a toda simplicidade campesina, nossa linha leva para os centros urbanos a calmaria do campo.',2),(27,'CONJUNTO C/ 6 PRATOS FUNDO ORGÂNICO PRETO MATTE Ø ',254.92,'Porto Brasil Cerâmica',50,'A Porto Brasil lança a mais inovadora coleção de sua história. Assinada pelo chef Carlos Bertolazzi, a coleção Geo foi inspirada na essência da Terra para surpreender em elementos contemporâneos, sofisticados e singulares. O Stoneware oferece o acordo primoroso entre o resistente e o maleável, e as mãos artesanais que não repetem sua precisão, proporcionam peças exclusivas e fascinantes. Dizendo muito com pouco, a Porto Brasil nos mostrou que a perfeição está naquilo que é único',2),(28,'CONJUNTO C/ 6 PRATOS FUNDO COUP STONEWARE VIT Ø 20',217.52,'Porto Brasil Cerâmica',50,'No nórdico antigo, língua que unificava os povos escandinavos, “vit” significava “nós dois”, a combinação ideal para íntimos momentos à mesa. Criamos essa linha para acompanhar seus jantares românticos junto de quem você mais ama',2),(29,'CONJUNTO C/ 6 PRATOS FUNDO COUP ASTECA Ø 21 CM',217.52,'Porto Brasil Cerâmica',28,'Os astecas foram uma das civilizações pré-colombianas mais importantes. Viveram no que é o atual território do México e tinham uma arquitetura e arte de grande imponência. Eles nos inspiraram com a sua história para desenvolvermos essa linha.',2),(30,'CONJUNTO C/ 6 PRATOS FUNDO ROMA BRANCO Ø 22 CM',149.52,'Porto Brasil Cerâmica',60,'Essa linha tem como tema principal os relevos das colunas romanas, trazendo uma simetria agradável em suas formas. A linha Roma agrada desde o primeiro olhar e deixará sua mesa com um toque clássico no dia a dia.',2),(31,'CONJUNTO C/ 6 PRATOS FUNDO BIO STONEWARE OAK Ø 22,',248.96,'Porto Brasil Cerâmica',30,'The King Oak é uma das árvores mais antigas da Dinamarca, ao meio da floresta de Jægerspris, o carvalho tem quase dois mil anos de idade. E qual seria o segredo dessa longevidade? Acreditamos que seja valorizar a vida em cada um de seus detalhes.',2),(32,'CONJUNTO C/ 6 PRATOS FUNDO MEZCLA BRANCO Ø 22CM',149.52,'Porto Brasil Cerâmica',68,'As misturas de cores que enchem os olhos de quem vê é surpreendente. A linha Mezcla aposta em cores e texturas, deixando sua inspiração ousar das mais diversas maneiras e criar as mais belas combinações.',2),(33,'CONJUNTO C/ 6 PRATOS FUNDO ORGÂNICO STONEWARE ARAU',248.96,'Porto Brasil Cerâmica',100,'Ideal para quem busca sofisticação, nossa linha Arauco traz sobriedade e elegância para todas as ocasiões. Uma criação exclusiva cheia de atitude para compor mesas postas espetaculares.',2),(34,'CONJUNTO C/ 6 PRATOS FUNDO BIO STONEWARE CLAY Ø 22',248.96,'Porto Brasil Cerâmica',35,'Um material moldável, no entanto, resistente, a argila dá forma às mais diversas criações artísticas de maneira muito versátil. Nossa linha Clay foi desenvolvida pensando nas diversas possibilidades de combinações para sua mesa posta.',2),(35,'CONJUNTO C/ 6 PRATOS FUNDO BIO STONEWARE NATIVA Ø ',248.96,'Porto Brasil Cerâmica',71,'A naturalidade das coisas nos fascina. Pensar em como surge a vida em todo e qualquer lugar, independente das circunstâncias. A linha Nativa foi inspirada na força e espontaneidade da natureza.',2),(36,'CONJUNTO C/ 6 PRATOS FUNDO BIO STONEWARE ELEMENTO ',254.92,'Porto Brasil Cerâmica',40,'Somos parte de um todo e devemos apreciar cada detalhe único que tecem nossas existências. A linha Elemento traz para sua mesa um toque singular compondo mesas elegantes e sofisticadas',2),(37,'CONJUNTO C/ 6 PRATOS FUNDO COUP IKEBANA Ø 21CM',217.52,'Porto Brasil Cerâmica',45,'Ikebana é um termo em japonês que significa flores vivas. Os japoneses organizam os ikebanas deles para cerimônias religiosas e procuram fazê-los da maneira mais natural e equilibrada possível. Nossa linha Ikebana traz a naturalidade desses arranjos florais na sua estampa.',2),(38,'CONJUNTO C/ 6 PRATOS FUNDO AGRA CANTALOUPE Ø 21CM',186.92,'Porto Brasil Cerâmica',78,'A cidade indiana de Agra abriga nada mais, nada menos, que um dos grandes patrimônios da humanidade, o Taj Mahal. Considerada uma das sete maravilhas do mundo moderno, o suntuoso monumento de mármore foi construído por cerca de vinte mil homens e abriga um dos principais conjuntos arquitetônicos da história, que serviu de inspiração para a nova linha da Porto Brasil.',2),(39,'CONJUNTO C/ 6 PRATOS FUNDO NEO NIGHT SKY Ø 19,5CM',271.92,'Porto Brasil Cerâmica',50,'Para alguns, a noite chega com sua escuridão, para nós, ela vem com suas luzes e possibilidades. Você já se perguntou, como são belos os momentos que podemos viver debaixo das estrelas?',2),(40,'CONJUNTO C/ 6 PRATOS FUNDO COUP MEDITERRÂNEO Ø 21C',217.52,'Porto Brasil Cerâmica',50,'O mediterrâneo é um verdadeiro paraíso, encanta os olhos com suas praias e cidades memoráveis. A gastronomia é uma das mais influentes do mundo e não há palavras para definir a profundidade cultural dessa região que abrigou os maiores impérios da história.',2),(41,'CONJUNTO C/ 6 PRATOS FUNDO COUP STONEWARE BOREAL Ø',217.52,'Porto Brasil Cerâmica',43,'A aurora Boreal é um dos mais impressionantes espetáculos da natureza, as luzes invadem o céu com uma sinfonia luminosa que transcende nossa compreensão. E é isso que buscamos em nossos momentos: algo inigualável, único e singular.',2),(42,'CONJUNTO C/ 6 PRATOS FUNDO COUP STONEWARE HAYA Ø 2',217.52,'Porto Brasil Cerâmica',60,'Haya é a árvore símbolo da Dinamarca, representa prosperidade e imortalidade, para que seus momentos sejam eternos, desenvolvemos a linha Haya, mais uma extensão do estilo de vida que inspirou toda nossa coleção',2),(43,'CONJUNTO C/ 6 PRATOS FUNDO AGRA BRANCO Ø 21 CM',171.62,'Porto Brasil Cerâmica',33,'A cidade indiana de Agra abriga nada mais, nada menos, que um dos grandes patrimônios da humanidade, o Taj Mahal. Considerada uma das sete maravilhas do mundo moderno, o suntuoso monumento de mármore foi construído por cerca de vinte mil homens e abriga um dos principais conjuntos arquitetônicos da história, que serviu de inspiração para a nova linha da Porto Brasil.',2),(44,'CONJUNTO C/ 6 PRATOS FUNDO MÔNACO LIMONE Ø 22 CM',202.22,'Porto Brasil Cerâmica',64,'O limão-siciliano foi levado da Pérsia para a Europa através dos árabes, sendo um fruto cítrico decorativo, utilizado medicinalmente e posterior agregado à cultura gastronômica.',2),(45,'CONJUNTO C/ 6 PRATOS FUNDO ROMA CRU Ø 22 CM',179.26,'Porto Brasil Cerâmica',100,'Essa linha tem como tema principal os relevos das colunas romanas, trazendo uma simetria agradável em suas formas. A linha Roma agrada desde o primeiro olhar e deixará sua mesa com um toque clássico no dia a dia.',2),(46,'CONJUNTO C/ 6 PRATOS FUNDO DAISY BRANCO Ø 22CM',149.52,'Porto Brasil Cerâmica',55,'Traços delicados inspirados nas formas da natureza. As flores são a melhor maneira de deixar a casa transbordando vida e alegria. Nossa linha representa a vida do campo, a simplicidade e a delicadeza da Margarida',2),(47,'CONJUNTO C/ 6 PRATOS FUNDO BIO STONEWARE SEIVA Ø 2',254.92,'Porto Brasil Cerâmica',34,'Assim como a seiva corre nas folhas, levando vida a toda planta, a Porto Brasil conduz os detalhes para cada lar, a fim de dar mais vida a cada mesa posta e a cada reunião familiar. A linha Seiva leva estampada folhagens para lembrarmos da vida que cada uma delas carrega',2),(48,'CONJUNTO C/ 6 PRATOS FUNDO BIO STONEWARE INVERNO Ø',248.96,'Porto Brasil Cerâmica',49,'Os dias mais curtos e o clima frio são convidativos para um café ou um jantar mais intimista. O ar gelado faz com que nossos lares se tornem mais atraentes do que as ruas frias. Para trazer um pouco de cor para essa estação, criamos a linha Inverno.',2),(49,'CONJUNTO C/ 6 PRATOS DE SOBREMESA BIO STONEWARE CA',221.76,'Porto Brasil Cerâmica',15,'A vida simples e bucólica do campo serve de inspiração para nossa linha Campestre. Com flores delicadas que remetem a toda simplicidade campesina, nossa linha leva para os centros urbanos a calmaria do campo.',3),(50,'CONJUNTO C/ 6 PRATOS DE SOBREMESA ORGÂNICO PRETO M',229.42,'Porto Brasil Cerâmica',18,'A Porto Brasil lança a mais inovadora coleção de sua história. Assinada pelo chef Carlos Bertolazzi, a coleção Geo foi inspirada na essência da Terra para surpreender em elementos contemporâneos, sofisticados e singulares. O Stoneware oferece o acordo primoroso entre o resistente e o maleável, e as mãos artesanais que não repetem sua precisão, proporcionam peças exclusivas e fascinantes. Dizendo muito com pouco, a Porto Brasil nos mostrou que a perfeição está naquilo que é único',3),(51,'CONJUNTO C/ 6 PRATOS DE SOBREMESA COUP ASTECA Ø 20',194.56,'Porto Brasil Cerâmica',20,'Os astecas foram uma das civilizações pré-colombianas mais importantes. Viveram no que é o atual território do México e tinham uma arquitetura e arte de grande imponência. Eles nos inspiraram com a sua história para desenvolvermos essa linha.',3),(52,'CONJUNTO C/ 6 PRATOS DE SOBREMESA COUP MEDITERRÂNE',194.56,'Porto Brasil Cerâmica',30,'O mediterrâneo é um verdadeiro paraíso, encanta os olhos com suas praias e cidades memoráveis. A gastronomia é uma das mais influentes do mundo e não há palavras para definir a profundidade cultural dessa região que abrigou os maiores impérios da história.',3),(53,'CONJUNTO C/ 6 PRATOS DE SOBREMESA COUP STONEWARE V',194.56,'Porto Brasil Cerâmica',23,'No nórdico antigo, língua que unificava os povos escandinavos, “vit” significava “nós dois”, a combinação ideal para íntimos momentos à mesa. Criamos essa linha para acompanhar seus jantares românticos junto de quem você mais ama.',3),(54,'CONJUNTO C/ 6 PRATOS DE SOBREMESA AGRA BRANCO Ø 20',152.92,'Porto Brasil Cerâmica',15,'A cidade indiana de Agra abriga nada mais, nada menos, que um dos grandes patrimônios da humanidade, o Taj Mahal. Considerada uma das sete maravilhas do mundo moderno, o suntuoso monumento de mármore foi construído por cerca de vinte mil homens e abriga um dos principais conjuntos arquitetônicos da história, que serviu de inspiração para a nova linha da Porto Brasil.',3),(55,'CONJUNTO C/ 6 PRATOS DE SOBREMESA MADELEINE CRU Ø ',159.72,'Porto Brasil Cerâmica',23,'O tempo passa rápido. Ficamos presos à rotina e à falta de tempo. Bordar é uma arte que exalta o contrário: a lentidão e a paciência. É um trabalho que deixa marcas. O tempo e o esforço do artesão ficam impressos para sempre. A magia de deixar uma marca para o amanhã é inspiradora e foi o motivo de criarmos a linha Madeleine.',3),(56,'CONJUNTO C/ 6 PRATOS DE SOBREMESA ROMA BRANCO Ø 20',133.36,'Porto Brasil Cerâmica',34,'Essa linha tem como tema principal os relevos das colunas romanas, trazendo uma simetria agradável em suas formas. A linha Roma agrada desde o primeiro olhar e deixará sua mesa com um toque clássico no dia a dia.',3),(57,'CONJUNTO C/ 6 PRATOS DE SOBREMESA BIO STONEWARE OA',221.76,'Porto Brasil Cerâmica',10,'The King Oak é uma das árvores mais antigas da Dinamarca, ao meio da floresta de Jægerspris, o carvalho tem quase dois mil anos de idade. E qual seria o segredo dessa longevidade? Acreditamos que seja valorizar a vida em cada um de seus detalhes.',3),(58,'CONJUNTO C/ 6 PRATOS DE SOBREMESA BIO STONEWARE BO',221.76,'Porto Brasil Cerâmica',25,'A aurora Boreal é um dos mais impressionantes espetáculos da natureza, as luzes invadem o céu com uma sinfonia luminosa que transcende nossa compreensão. E é isso que buscamos em nossos momentos: algo inigualável, único e singular.',3),(59,'CONJUNTO C/ 6 PRATOS DE SOBREMESA MEZCLA BRANCO Ø ',133.36,'Porto Brasil Cerâmica',34,'As misturas de cores que enchem os olhos de quem vê é surpreendente. A linha Mezcla aposta em cores e texturas, deixando sua inspiração ousar das mais diversas maneiras e criar as mais belas combinações.',3),(60,'CONJUNTO C/ 6 PRATOS DE SOBREMESA MEZCLA VERDE SÁL',159.72,'Porto Brasil Cerâmica',19,'As misturas de cores que enchem os olhos de quem vê é surpreendente. A linha Mezcla aposta em cores e texturas, deixando sua inspiração ousar das mais diversas maneiras e criar as mais belas combinações.',3),(61,'CONJUNTO C/ 6 PRATOS DE SOBREMESA ORGÂNICO STONEWA',221.76,'Porto Brasil Cerâmica',25,'Ideal para quem busca sofisticação, nossa linha Arauco traz sobriedade e elegância para todas as ocasiões. Uma criação exclusiva cheia de atitude para compor mesas postas espetaculares.',3),(62,'CONJUNTO C/ 6 PRATOS DE SOBREMESA BIO STONEWARE CL',221.76,'Porto Brasil Cerâmica',10,'Um material moldável, no entanto, resistente, a argila dá forma às mais diversas criações artísticas de maneira muito versátil. Nossa linha Clay foi desenvolvida pensando nas diversas possibilidades de combinações para sua mesa posta.',3),(63,'CONJUNTO C/ 6 PRATOS DE SOBREMESA BIO STONEWARE VE',221.76,'Porto Brasil Cerâmica',20,'O barulho dos galhos se movimentando, o cheiro das folhas verdes que o vento traz. A tranquilidade como se a ventania que passa levasse todas as nossas preocupações consigo. A delicadeza do vento e a leveza das folhas estão estampados na nossa linha Ventania.',3),(64,'CONJUNTO C/ 6 PRATOS DE SOBREMESA BIO STONEWARE SE',221.76,'Porto Brasil Cerâmica',10,'Assim como a seiva corre nas folhas, levando vida a toda planta, a Porto Brasil conduz os detalhes para cada lar, a fim de dar mais vida a cada mesa posta e a cada reunião familiar. A linha Seiva leva estampada folhagens para lembrarmos da vida que cada uma delas carrega',3),(65,'CONJUNTO C/ 6 PRATOS DE SOBREMESA BIO STONEWARE NA',221.76,'Porto Brasil Cerâmica',33,'A naturalidade das coisas nos fascina. Pensar em como surge a vida em todo e qualquer lugar, independente das circunstâncias. A linha Nativa foi inspirada na força e espontaneidade da natureza.',3),(66,'CONJUNTO C/ 6 PRATOS DE SOBREMESA BIO STONEWARE EL',221.76,'Porto Brasil Cerâmica',25,'Somos parte de um todo e devemos apreciar cada detalhe único que tecem nossas existências. A linha Elemento traz para sua mesa um toque singular compondo mesas elegantes e sofisticadas.',3),(67,'CONJUNTO C/ 6 PRATOS DE SOBREMESA BIO STONEWARE CY',221.76,'Porto Brasil Cerâmica',27,'Cyperus é uma planta sagrada aquática encontrada abundantemente no delta do Nilo. A flor da planta, que estampa nossa linha, lembra os raios do sol e é exatamente por ter esta analogia com o sol, divindade máxima desse povo, que a planta é considerada sagrada.',3),(68,'CONJUNTO C/ 6 PRATOS DE SOBREMESA BIO STONEWARE AÇ',221.76,'Porto Brasil Cerâmica',40,'A açucena branca está associada à pureza e a graça. Essa flor tão delicada dá nome a nossa linha que levará toda leveza para sua mesa.',3),(69,'CONJUNTO C/ 6 PRATOS DE SOBREMESA COUP IKEBANA Ø 2',194.56,'Porto Brasil Cerâmica',10,'kebana é um termo em japonês que significa flores vivas. Os japoneses organizam os ikebanas deles para cerimônias religiosas e procuram fazê-los da maneira mais natural e equilibrada possível. Nossa linha Ikebana traz a naturalidade desses arranjos florais na sua estampa.',3),(70,'CONJUNTO C/ 6 PRATOS DE SOBREMESA COUP BLUE Ø 20,5',194.56,'Porto Brasil Cerâmica',15,' cor azul significa serenidade. Serenidade que sentimos ao ver o mar em sua infinidade, ou o céu e toda sua imensidão. Nossa linha Blue traz estampada nessa cor tão significativa, pequenas flores, criando uma sensação de calmaria aos olhares que a admira.',3),(71,'CONJUNTO C/ 6 PRATOS DE SOBREMESA COUP GARDEN Ø 20',194.56,'Porto Brasil Cerâmica',24,'Os jardins nos transmitem paz. A sensação de estar tão próximo da natureza e de cada detalhe seu faz os nossos dias turbulentos terem um momento de calmaria. Sentar-se em meio a flores, ouvir o cantar dos pássaros, sentir o cheiro das frutas: eis aí um dos mais belos momentos de nossa existência.',3),(72,'CONJUNTO C/ 6 PRATOS DE SOBREMESA COUP CRU Ø 20,5C',166.52,'Porto Brasil Cerâmica',30,'A linha Coup é aquela linha que não pode faltar na mesa daqueles que não abrem mão do clássico. Com seu design simples e arrojado, as peças da linha Coup deixam sua mesa leve e suave.',3),(73,'PRATO DE BOLO SEM PÉ BOUQUET GARNI VERDE SECO - CO',914.66,'Porto Brasil Cerâmica',20,'Os verdes da Coleção Ervas vão encher a sua mesa de cor. Mas não é tudo verde? Ah, mas não é um verde só: tem verde vivo, verde suave, verde fresco e verde seco. Umas lindezas! A coleção está cheia de novidades, mas continua com aquela característica marcante das minhas produções: o tom de garimpo que deixa a mesa superexclusiva.',4),(74,'CONJUNTO C/ 6 SOUSPLAT WINDSOR Ø 34 CM',709.66,'Porto Brasil Cerâmica',10,'A Porto Brasil buscou inspiração no passado medieval para criar a linha Windsor. Com sua pintura desgastada e rústica, a linha Windsor transmite os ares da antiga monarquia, quando reis e rainhas viviam em castelos como o de Windsor que eram rústicos e transmitiam a sensação de força e proteção. Deixe a realeza fazer parte de sua mesa.',4),(75,'PRATO DE BOLO MARRAKECH PIMENTA-ROSA - PANELINHA Ø',821.76,'Porto Brasil Cerâmica',20,'Rita Lobo lança novas peças da Coleção Especiarias, do Acervo Panelinha. Depois do sucesso do lançamento da Coleção Especiarias, que chegou às lojas em abril deste ano, a chef Rita Lobo traz uma surpresa para o Natal: novos produtos do Acervo Panelinha, sua marca de louças, que agora já tem 23 peças. Tem mais duas cores, soluções para todos os perfis de público e um Especial de Natal estrelado pelas louças, com receitas deliciosas',4),(76,'SOUSPLAT RASO BARBECUE - 101 - CONJUNTO C/ 6',421.76,'Alleanza',10,'Peças elaboradas em cerâmica Feldspática branca de alta resistência, com processo de decoração digital, sobre a base branca',4),(77,'SOUSPLAT ALLEANZA RENDA - CONJUNTO C/ 6',421.76,'Alleanza',14,'Peças elaboradas em cerâmica Feldspática branca de alta resistência, com processo de decoração digital, sobre a base branca.',4),(78,'CONJUNTO DE 6 SOUSPLAT FREEDOM',421.76,'Alleanza',25,'Acredito que não teria melhor maneira em descrever a liberdade do que foi colocado nessa linha freedom da alleanza. Em uma cor super linda, onde é visto a liberdade em cada detalhe e a cada traço, pelos pássaros e gaiolas que foram colocados de forma delicada.',4),(79,'SOUSPLAT 27CM PORCELANA Schmidt - MÁRMORE CINZA',221.76,'Le Creuset',17,'A ousadia dos traços da pedra mármore e a tradição da cor cinza na porcelana. Cada sousplat possui 27cm de diâmetro, o que é o ideal para as principais refeições do dia.',4),(80,'SOUSPLAT 29CM RAMALHETE',51.7,'Alleanza',60,'Peças elaboradas em cerâmica Feldspática branca de alta resistência, com processo de decoração digital, sobre a base branca.',4),(81,'SOUSPLAT CERÂMICA NATAL FATHER CHRISTMAS Ø28cm',64.56,'Alleanza',30,'Peças elaboradas em cerâmica Feldspática branca de alta resistência, com processo de decoração digital, sobre a base branca.É recomendado utilizar sabão, detergente e uma esponja macia.',4),(82,'SOUSPLAT ACQUA FISH 6 PEÇAS - ALLEANZA',194.56,'Alleanza',25,'Produto fabricado de Cerâmica Feldspática branca de alta resistência, possui um processo de decoração digital e não libera substâncias tóxicas.',4),(83,'SOUSPLAT BEER NOVO CERÂMICA ACETINADO 28,5CM',74.56,'Wolff',44,'A beleza desse item é daquelas que conferem bons sentimentos e significados ao ambiente. Crie em sua mesa a sua história.',4),(84,'SOUSPLAT CAPRI AZUL E BRANCO CERÂMICA 32,5CM',66.52,'Monte Sião',40,'A beleza desse item é daquelas que conferem bons sentimentos e significados ao ambiente. Crie em sua mesa a sua história.',4),(85,'CONJUNTO C/ 6 XÍCARAS DE CHÁ C/ 6 PIRES COUP MEDIT',233.66,'Porto Brasil Cerâmica',30,'O mediterrâneo é um verdadeiro paraíso, encanta os olhos com suas praias e cidades memoráveis. A gastronomia é uma das mais influentes do mundo e não há palavras para definir a profundidade cultural dessa região que abrigou os maiores impérios da história.',5),(86,'CONJUNTO C/ 6 XÍCARAS DE CHÁ C/ 6 PIRES AGRA CRU 2',200.52,'Porto Brasil Cerâmica',12,'A cidade indiana de Agra abriga nada mais, nada menos, que um dos grandes patrimônios da humanidade, o Taj Mahal. Considerada uma das sete maravilhas do mundo moderno, o suntuoso monumento de mármore foi construído por cerca de vinte mil homens e abriga um dos principais conjuntos arquitetônicos da história, que serviu de inspiração para a nova linha da Porto Brasil.',5),(87,'CONJUNTO C/ 6 XÍCARAS DE CHÁ C/ 6 PIRES AGRA BRANC',183.52,'Porto Brasil Cerâmica',25,'A cidade indiana de Agra abriga nada mais, nada menos, que um dos grandes patrimônios da humanidade, o Taj Mahal. Considerada uma das sete maravilhas do mundo moderno, o suntuoso monumento de mármore foi construído por cerca de vinte mil homens e abriga um dos principais conjuntos arquitetônicos da história, que serviu de inspiração para a nova linha da Porto Brasil.',5),(88,'CONJUNTO C/ 6 XÍCARAS DE CHÁ C/ 6 PIRES COUP ASTEC',233.66,'Porto Brasil Cerâmica',13,'Os astecas foram uma das civilizações pré-colombianas mais importantes. Viveram no que é o atual território do México e tinham uma arquitetura e arte de grande imponência. Eles nos inspiraram com a sua história para desenvolvermos essa linha.',5),(89,'CONJUNTO C/ 6 XÍCARAS DE CHÁ C/ 6 PIRES ACANTHUS B',159.72,'Porto Brasil Cerâmica',24,'Acanthus é o nome de uma folha muito utilizada pelos antigos arquitetos gregos como ornamentos de colunas e templos chamado capitel. Esses ornamentos foram e ainda são muito utilizados. Contudo, esse ícone se iniciou no período clássico na antiguidade na Grécia. A Porto Brasil criou mais uma linha que traz toda classe desse período.',5),(90,'CONJUNTO C/ 6 XÍCARAS DE CHÁ C/ 6 PIRES ATENAS BRA',159.72,'Porto Brasil Cerâmica',35,'A Porto Brasil se inspirou nos ornamentos gregos para criação desta linha. Com uma borda suave, a linha Atenas transformará com perfeição a sua mesa tornando-a ainda mais bela.',5),(91,'CONJUNTO C/ 6 XÍCARAS DE CHÁ C/ 6 PIRES DAISY BRAN',159.72,'Porto Brasil Cerâmica',27,'Traços delicados inspirados nas formas da natureza. As flores são a melhor maneira de deixar a casa transbordando vida e alegria. Nossa linha representa a vida do campo, a simplicidade e a delicadeza da Margarida',5),(92,'CONJUNTO C/ 6 XÍCARAS DE CHÁ C/ 6 PIRES COUP BLOEM',233.66,'Porto Brasil Cerâmica',30,'Com uma estampa graciosa, a linha Bloemen combina detalhes florais delicados em cores ternas. Uma opção que traz leveza para suas combinações em mesa posta.',5),(93,'CONJUNTO C/ 6 XÍCARAS DE CHÁ C/ 6 PIRES COUP LA VI',233.66,'Porto Brasil Cerâmica',30,'A vida entrelaça nossos momentos e se manifesta de infinitas formas. Mas de todas elas, a natureza do que é vivo toca nossos olhos demonstrando genialidade em cada cor, textura e som. O canto dos pássaros, suas tonalidades, as folhas e flores de uma árvore foram as inspirações para nossa mais nova linha.',5),(94,'CONJUNTO C/ 6 XÍCARAS DE CHÁ C/ 6 PIRES COUP CRU 2',200.52,'Porto Brasil Cerâmica',15,'A linha Coup é aquela linha que não pode faltar na mesa daqueles que não abrem mão do clássico. Com seu design simples e arrojado, as peças da linha Coup deixam sua mesa leve e suave.',5),(95,'CONJUNTO C/ 6 XÍCARAS DE CHÁ C/ 6 PIRES COUP OLIVA',233.66,'Porto Brasil Cerâmica',24,'Uma pizza recém saída do forno, cujo aroma invade a nossa casa, regada por um bom azeite e servida em um belo prato com detalhes que remetem às folhagens da oliveira é um momento que podemos criar graças a nossa linha Oliva que combina tons terrosos e esverdeados trazendo delicadeza e frescor para sua mesa.',5),(96,'CONJUNTO C/ 6 XÍCARAS DE CHÁ C/ 6 PIRES AGRA MOSTA',200.52,'Porto Brasil Cerâmica',20,'A cidade indiana de Agra abriga nada mais, nada menos, que um dos grandes patrimônios da humanidade, o Taj Mahal. Considerada uma das sete maravilhas do mundo moderno, o suntuoso monumento de mármore foi construído por cerca de vinte mil homens e abriga um dos principais conjuntos arquitetônicos da história, que serviu de inspiração para a nova linha da Porto Brasil.',5),(97,'CONJUNTO C/ 6 XÍCARAS DE CAFÉ C/ 6 PIRES BIO STONE',221.76,'Porto Brasil Cerâmica',20,'A aurora Boreal é um dos mais impressionantes espetáculos da natureza, as luzes invadem o céu com uma sinfonia luminosa que transcende nossa compreensão. E é isso que buscamos em nossos momentos: algo inigualável, único e singular.',6),(98,'CONJUNTO C/ 6 XÍCARAS DE CAFÉ C/ PIRES ACANTHUS BR',133.36,'Porto Brasil Cerâmica',22,'Acanthus é o nome de uma folha muito utilizada pelos antigos arquitetos gregos como ornamentos de colunas e templos chamado capitel. Esses ornamentos foram e ainda são muito utilizados. Contudo, esse ícone se iniciou no período clássico na antiguidade na Grécia. A Porto Brasil criou mais uma linha que traz toda classe desse período.',6),(99,'CONJUNTO C/ 6 XÍCARAS DE CAFÉ C/ 6 PIRES BIO STONE',221.76,'Porto Brasil Cerâmica',15,'Com o seu tom único laranja acastanhado, a terracota tem sido base há muito tempo para as mais diversas obras de arte e outros objetos. A linha Terrakotta traz a cor única, que está intimamente ligada à criatividade, para dar um toque alegre e harmonioso para o seu lar.',6),(100,'CONJUNTO C/ 6 XÍCARAS DE CAFÉ C/ 6 PIRES ORGÂNICO ',221.76,'Porto Brasil Cerâmica',33,'Ideal para quem busca sofisticação, nossa linha Arauco traz sobriedade e elegância para todas as ocasiões. Uma criação exclusiva cheia de atitude para compor mesas postas espetaculares.',6),(101,'CONJUNTO C/ 6 XÍCARAS DE CAFÉ C/ 6 PIRES BIO STONE',221.76,'Porto Brasil Cerâmica',34,'A areia usada nas construções, a areia da ampulheta contando o tempo, a areia nas praias paradisíacas, a areia nas dunas do deserto formando as mais belas paisagens, a areia que cria e se transforma é inspiração para nossa linha Black Sand.',6),(102,'CONJUNTO C/ 6 XÍCARAS DE CAFÉ C/ 6 PIRES BIO STONE',221.76,'Porto Brasil Cerâmica',15,'O mar, o calor, os dias mais longos, as noites mais convidativas, um sorvete, uma água de coco, o verão e todo seu ardor são nossa inspiração para essa linha com estampas que lembram os climas mais tropicais onde é verão o ano todo.',6),(103,'CONJUNTO C/ 6 XÍCARAS DE CAFÉ C/ 6 PIRES BIO STONE',221.76,'Porto Brasil Cerâmica',37,'Assim como a seiva corre nas folhas, levando vida a toda planta, a Porto Brasil conduz os detalhes para cada lar, a fim de dar mais vida a cada mesa posta e a cada reunião familiar. A linha Seiva leva estampada folhagens para lembrarmos da vida que cada uma delas carrega.',6),(104,'CONJUNTO C/ 6 XÍCARAS DE CAFÉ C/ PIRES COUP STONEW',194.56,'Porto Brasil Cerâmica',20,'No nórdico antigo, língua que unificava os povos escandinavos, “vit” significava “nós dois”, a combinação ideal para íntimos momentos à mesa. Criamos essa linha para acompanhar seus jantares românticos junto de quem você mais ama.',6),(105,'CONJUNTO C/ 6 XÍCARAS DE CAFÉ C/ PIRES ORGÂNICO CA',221.76,'Porto Brasil Cerâmica',30,'A Porto Brasil lança a mais inovadora coleção de sua história. Assinada pelo chef Carlos Bertolazzi, a coleção Geo foi inspirada na essência da Terra para surpreender em elementos contemporâneos, sofisticados e singulares.',6),(106,'CONJUNTO C/ 6 XÍCARAS DE CAFÉ C/ PIRES AGRA CRU 11',166.52,'Porto Brasil Cerâmica',25,'A cidade indiana de Agra abriga nada mais, nada menos, que um dos grandes patrimônios da humanidade, o Taj Mahal. Considerada uma das sete maravilhas do mundo moderno, o suntuoso monumento de mármore foi construído por cerca de vinte mil homens e abriga um dos principais conjuntos arquitetônicos da história, que serviu de inspiração para a nova linha da Porto Brasil.',6),(107,'CONJUNTO C/ 6 XÍCARAS DE CAFÉ C/ PIRES ATENAS BRAN',133.36,'Porto Brasil Cerâmica',24,'A Porto Brasil se inspirou nos ornamentos gregos para criação desta linha. Com uma borda suave, a linha Atenas transformará com perfeição a sua mesa tornando-a ainda mais bela',6),(108,'CONJUNTO C/ 6 XÍCARAS DE CAFÉ C/ PIRES ROMA BRANCO',133.36,'Porto Brasil Cerâmica',30,'Essa linha tem como tema principal os relevos das colunas romanas, trazendo uma simetria agradável em suas formas. A linha Roma agrada desde o primeiro olhar e deixará sua mesa com um toque clássico no dia a dia.',6),(109,'CONJUNTO C/ 4 CANECAS ORGÂNICO BOREAL 273ML',133.36,'Porto Brasil Cerâmica',10,'A aurora Boreal é um dos mais impressionantes espetáculos da natureza, as luzes invadem o céu com uma sinfonia luminosa que transcende nossa compreensão. E é isso que buscamos em nossos momentos: algo inigualável, único e singular.',7),(110,'CONJUNTO C/ 4 CANECAS ROMA CRU 343 ML',75.56,'Porto Brasil Cerâmica',32,'Ao longo do dia, fazemos pequenas pausas para tomar um café. Alguns dias, recebemos os amigos e familiares para tomar um chá. Nos dias frios, um chocolate quente aquece a alma e o coração. E claro, nossa linha de Canecas está em todos esses momentos, tornando cada um deles ainda mais especial.',7),(111,'CONJUNTO C/ 4 CANECAS ORGÂNICO LEAF 273ML',133.36,'Porto Brasil Cerâmica',25,'As folhas nas árvores dizem muito sobre o tempo. Quando alaranjadas, sabemos que o outono está por aqui. Ao caírem, o inverno chega. Verdes, sabemos que mais um ciclo se inicia na natureza e na vida. A linha Leaf foi criada pensando na incrível intensidade que as folhas verdes nas árvores trazem consigo.',7),(112,'CONJUNTO C/ 4 CANECAS ROMA CANTALOUPE 343 ML',75.56,'Porto Brasil Cerâmica',43,'Essa linha tem como tema principal os relevos das colunas romanas, trazendo uma simetria agradável em suas formas. A linha Roma agrada desde o primeiro olhar e deixará sua mesa com um toque clássico no dia a dia.',7),(113,'CONJUNTO C/ 4 CANECAS ROMA BOTÂNICO 343 ML',75.56,'Porto Brasil Cerâmica',24,'Essa linha tem como tema principal os relevos das colunas romanas, trazendo uma simetria agradável em suas formas. A linha Roma agrada desde o primeiro olhar e deixará sua mesa com um toque clássico no dia a dia.',7),(114,'CONJUNTO C/ 4 CANECAS ROMA DEEP BLUE 343 ML',75.56,'Porto Brasil Cerâmica',35,'Essa linha tem como tema principal os relevos das colunas romanas, trazendo uma simetria agradável em suas formas. A linha Roma agrada desde o primeiro olhar e deixará sua mesa com um toque clássico no dia a dia.',7),(115,'CONJUNTO C/ 4 CANECAS BASIC DEEP BLUE Ø 8,1CM 208 ',67.92,'Porto Brasil Cerâmica',57,'Clássica, a linha Flat traz a simplicidade do branco, ou a alegria do colorido, que sozinho ou acompanhado, mostra como a beleza está nos detalhes.',7),(116,'CONJUNTO C/ 4 CANECAS POIS CRU 340 ML',75.56,'Porto Brasil Cerâmica',30,'Ao longo do dia, fazemos pequenas pausas para tomar um café. Alguns dias, recebemos os amigos e familiares para tomar um chá. Nos dias frios, um chocolate quente aquece a alma e o coração. E claro, nossa linha de Canecas está em todos esses momentos, tornando cada um deles ainda mais especial.',7),(117,'CONJUNTO C/ 4 CANECAS ROMA AZUL NAVY 343 ML',75.56,'Porto Brasil Cerâmica',30,'Ao longo do dia, fazemos pequenas pausas para tomar um café. Alguns dias, recebemos os amigos e familiares para tomar um chá. Nos dias frios, um chocolate quente aquece a alma e o coração. E claro, nossa linha de Canecas está em todos esses momentos, tornando cada um deles ainda mais especial.',7),(118,'CONJUNTO C/ 4 CANECAS BASIC CRU Ø 8,1 CM 208 ML',67.92,'Porto Brasil Cerâmica',25,'Ao longo do dia, fazemos pequenas pausas para tomar um café. Alguns dias, recebemos os amigos e familiares para tomar um chá. Nos dias frios, um chocolate quente aquece a alma e o coração. E claro, nossa linha de Canecas está em todos esses momentos, tornando cada um deles ainda mais especial.',7),(119,'CONJUNTO C/ 4 CANECAS POIS BOTÂNICO 340ML',75.56,'Porto Brasil Cerâmica',34,'Ao longo do dia, fazemos pequenas pausas para tomar um café. Alguns dias, recebemos os amigos e familiares para tomar um chá. Nos dias frios, um chocolate quente aquece a alma e o coração. E claro, nossa linha de Canecas está em todos esses momentos, tornando cada um deles ainda mais especial',7),(120,'CONJUNTO C/ 4 CANECAS BASIC BOTÂNICO Ø 8,1CM 208 M',67.92,'Porto Brasil Cerâmica',30,'Clássica, a linha Flat traz a simplicidade do branco, ou a alegria do colorido, que sozinho ou acompanhado, mostra como a beleza está nos detalhes.',7),(121,'CONJUNTO C/ 6 BOWL ORGÂNICO TERRAKOTTA 558ML',209.02,'Porto Brasil Cerâmica',20,'Com o seu tom único laranja acastanhado, a terracota tem sido base há muito tempo para as mais diversas obras de arte e outros objetos. A linha Terrakotta traz a cor única, que está intimamente ligada à criatividade, para dar um toque alegre e harmonioso para o seu lar.',8),(122,'CONJUNTO C/ 6 BOWL ORGÂNICO IS 558ML',216.66,'Porto Brasil Cerâmica',22,'Em dinamarquês “is” significa gelo, componente essencial de todos os encantos nórdicos, seja nos cumes das montanhas ou nas ruas de inverno, a neve nos convida para a intimidade e para viver o Hygge em sua profunda essência.',8),(123,'CONJUNTO C/ 6 BOWL ORGÂNICO BOREAL 558ML',209.02,'Porto Brasil Cerâmica',15,'A aurora Boreal é um dos mais impressionantes espetáculos da natureza, as luzes invadem o céu com uma sinfonia luminosa que transcende nossa compreensão. E é isso que buscamos em nossos momentos: algo inigualável, único e singular.',8),(124,'CONJUNTO C/ 6 BOWL COUP STONEWARE BOREAL 540 ML',194.56,'Porto Brasil Cerâmica',23,'La Aurora Boreal es uno de los espectáculos más impresionantes de la naturaleza, las luces invaden el cielo con una sinfonía luminosa que trasciende nuestro entendimiento. Y es eso que buscamos en nuestros momentos: algo inigualable, único y singular.',8),(125,'CONJUNTO C/ 6 BOWL AGRA CRU 606 ML',166.52,'Porto Brasil Cerâmica',14,'A cidade indiana de Agra abriga nada mais, nada menos, que um dos grandes patrimônios da humanidade, o Taj Mahal. Considerada uma das sete maravilhas do mundo moderno, o suntuoso monumento de mármore foi construído por cerca de vinte mil homens e abriga um dos principais conjuntos arquitetônicos da história, que serviu de inspiração para a nova linha da Porto Brasil.',8),(126,'CONJUNTO C/ 6 BOWL AGRA BRANCO 606 ML',152.92,'Porto Brasil Cerâmica',35,'A cidade indiana de Agra abriga nada mais, nada menos, que um dos grandes patrimônios da humanidade, o Taj Mahal. Considerada uma das sete maravilhas do mundo moderno, o suntuoso monumento de mármore foi construído por cerca de vinte mil homens e abriga um dos principais conjuntos arquitetônicos da história, que serviu de inspiração para a nova linha da Porto Brasil.',8),(127,'CONJUNTO C/ 6 BOWL ORGÂNICO LEAF 558ML',209.02,'Porto Brasil Cerâmica',27,'As folhas nas árvores dizem muito sobre o tempo. Quando alaranjadas, sabemos que o outono está por aqui. Ao caírem, o inverno chega. Verdes, sabemos que mais um ciclo se inicia na natureza e na vida. A linha Leaf foi criada pensando na incrível intensidade que as folhas verdes nas árvores trazem consigo.',8),(128,'CONJUNTO C/ 6 BOWL DAISY BRANCO 402 ML',133.36,'Porto Brasil Cerâmica',30,'Traços delicados inspirados nas formas da natureza. As flores são a melhor maneira de deixar a casa transbordando vida e alegria. Nossa linha representa a vida do campo, a simplicidade e a delicadeza da Margarida',8),(129,'CONJUNTO C/ 6 BOWL MEZCLA BRANCO 367 ML',133.36,'Porto Brasil Cerâmica',20,'As misturas de cores que enchem os olhos de quem vê é surpreendente. A linha Mezcla aposta em cores e texturas, deixando sua inspiração ousar das mais diversas maneiras e criar as mais belas combinações.',8),(130,'CONJUNTO C/ 6 BOWL LISO DEEP BLUE 587 ML',166.52,'Porto Brasil Cerâmica',35,'Clássica, a linha Flat traz a simplicidade do branco, ou a alegria do colorido, que sozinho ou acompanhado, mostra como a beleza está nos detalhes.',8),(131,'CONJUNTO C/ 6 BOWL COUP STONEWARE PRETO FOSCO 540 ',194.56,'Porto Brasil Cerâmica',14,'A versatilidade e elegância daquilo que transforma o simples em clássico.',8),(132,'CONJUNTO C/ 6 BOWL COUP STONEWARE VIT 540 ML',194.56,'Porto Brasil Cerâmica',30,'En el nórdico antiguo, el idioma que unificó a los pueblos escandinavos, “vit” significaba “nosotros dos”, la combinación ideal para momentos íntimos en la mesa. Creamos esa línea Vit para acompañar sus cenas románticas junto de quien más ama.',8),(133,'CONJUNTO C/ 6 PETISQUEIRAS CAMPESTRE MOSTARDA Ø 13',207.32,'Porto Brasil Cerâmica',20,'Esta linha possui uma leveza nas cores e nos relevos bem trabalhados. Composta por decorações em tons de verde, com travessas e tigelas em flores brancas, e também de suas lindas petisqueiras em várias cores. Brilha em qualquer tempo, em qualquer evento, onde se possa apresentá-la em sua totalidade.',9),(134,'CONJUNTO C/ 6 PETISQUEIRAS CAMPESTRE BRANCO Ø 13,5',175.76,'Porto Brasil Cerâmica',12,'Esta linha possui uma leveza nas cores e nos relevos bem trabalhados. Composta por decorações em tons de verde, com travessas e tigelas em flores brancas, e também de suas lindas petisqueiras em várias cores. Brilha em qualquer tempo, em qualquer evento, onde se possa apresentá-la em sua totalidade.',9),(135,'CONJUNTO C/ 6 PETISQUEIRAS CAMPESTRE CANTALOUPE Ø ',207.32,'Porto Brasil Cerâmica',35,'Esta linha possui uma leveza nas cores e nos relevos bem trabalhados. Composta por decorações em tons de verde, com travessas e tigelas em flores brancas, e também de suas lindas petisqueiras em várias cores. Brilha em qualquer tempo, em qualquer evento, onde se possa apresentá-la em sua totalidade.',9),(136,'CONJUNTO C/ 6 PETISQUEIRAS CAMPESTRE BOTÂNICO Ø 13',207.32,'Porto Brasil Cerâmica',23,'Esta linha possui uma leveza nas cores e nos relevos bem trabalhados. Composta por decorações em tons de verde, com travessas e tigelas em flores brancas, e também de suas lindas petisqueiras em várias cores. Brilha em qualquer tempo, em qualquer evento, onde se possa apresentá-la em sua totalidade.',9),(137,'CONJUNTO C/ 6 PETISQUEIRAS CAMPESTRE DEEP BLUE Ø 1',207.32,'Porto Brasil Cerâmica',34,'Esta linha possui uma leveza nas cores e nos relevos bem trabalhados. Composta por decorações em tons de verde, com travessas e tigelas em flores brancas, e também de suas lindas petisqueiras em várias cores. Brilha em qualquer tempo, em qualquer evento, onde se possa apresentá-la em sua totalidade.',9),(138,'TIGELA CAMPESTRE PEQUENA PÁPRICA Ø 27 CM 1000 ML',113.82,'Porto Brasil Cerâmica',30,'A Tigela Flor P (páprica) da| Coleção Especiarias | @AcervoPanelinha, da @RitaLobo vem com superpoder: ela transforma a salada em acontecimento! O arroz do dia a dia, o risoto do fim de semana, uma calda especial para o bolo, tudo fica lindo nessa tigela. Confira todas as peças do @AcervoPanelinha.',10),(139,'TIGELA CAMPESTRE MÉDIA PIMENTA-ROSA Ø 32,5 CM 1750',163.96,'Porto Brasil Cerâmica',15,'A Tigela Flor M (pimenta rosa) da Coleção Especiarias | @AcervoPanelinha, da @RitaLobo é uma peça curinga para servir as refeições com mais estilo - acomoda a salada, a farofa, o arroz, o cuscuz marroquino... Confira todas as peças do @AcervoPanelinha.',10),(140,'TIGELA CERCA VIVA MÉDIA VERDE FRESCO - COLEÇÃO ERV',165.66,'Porto Brasil Cerâmica',30,'Os verdes da Coleção Ervas vão encher a sua mesa de cor. Mas não é tudo verde? Ah, mas não é um verde só: tem verde vivo, verde suave, verde fresco e verde seco. Umas lindezas! A coleção está cheia de novidades, mas continua com aquela característica marcante das minhas produções: o tom de garimpo que deixa a mesa superexclusiva',10),(141,'TIGELA CERCA VIVA PEQUENA VERDE VIVO - COLEÇÃO ERV',141.02,'Porto Brasil Cerâmica',10,'Os verdes da Coleção Ervas vão encher a sua mesa de cor. Mas não é tudo verde? Ah, mas não é um verde só: tem verde vivo, verde suave, verde fresco e verde seco. Umas lindezas! A coleção está cheia de novidades, mas continua com aquela característica marcante das minhas produções: o tom de garimpo que deixa a mesa superexclusiva.',10),(142,'TIGELA WINDSOR PEQUENA Ø 26,5 CM 1005 ML',109.56,'Porto Brasil Cerâmica',34,'A Porto Brasil buscou inspiração no passado medieval para criar a linha Windsor. Com sua pintura desgastada e rústica, a linha Windsor transmite os ares da antiga monarquia, quando reis e rainhas viviam em castelos como o de Windsor que eram rústicos e transmitiam a sensação de força e proteção. Deixe a realeza fazer parte de sua mesa.',10),(143,'TIGELA CERCA VIVA GRANDE VERDE SECO - COLEÇÃO ERVA',150.72,'Porto Brasil Cerâmica',35,'Os verdes da Coleção Ervas vão encher a sua mesa de cor. Mas não é tudo verde? Ah, mas não é um verde só: tem verde vivo, verde suave, verde fresco e verde seco. Umas lindezas! A coleção está cheia de novidades, mas continua com aquela característica marcante das minhas produções: o tom de garimpo que deixa a mesa superexclusiva.',10),(144,'TIGELA PÉRGAMO MÉDIA PIMENTA DO REINO - PANELINHA ',199.02,'Porto Brasil Cerâmica',17,'Rita Lobo lança novas peças da Coleção Especiarias, do Acervo Panelinha. Depois do sucesso do lançamento da Coleção Especiarias, que chegou às lojas em abril deste ano, a chef Rita Lobo traz uma surpresa para o Natal: novos produtos do Acervo Panelinha, sua marca de louças, que agora já tem 23 peças. Tem mais duas cores, soluções para todos os perfis de público e um Especial de Natal estrelado pelas louças, com receitas deliciosas',10),(145,'TIGELA CAMPESTRE GRANDE NOZ-MOSCADA Ø 37 CM 2700 M',113.36,'Porto Brasil Cerâmica',30,' Tigela Flor G (noz-moscada) da Coleção Especiarias | @AcervoPanelinha, da @RitaLobo é uma peça curinga: acomoda a salada ou o prato principal - serve até de balde de gelo. Confira todas as peças do @AcervoPanelinha.',10),(146,'TIGELA WINDSOR MÉDIA Ø 30 CM 1005 ML',145.99,'Porto Brasil Cerâmica',20,'A Porto Brasil buscou inspiração no passado medieval para criar a linha Windsor. Com sua pintura desgastada e rústica, a linha Windsor transmite os ares da antiga monarquia, quando reis e rainhas viviam em castelos como o de Windsor que eram rústicos e transmitiam a sensação de força e proteção. Deixe a realeza fazer parte de sua mesa.',10),(147,'TIGELA WINDSOR GRANDE Ø 36 CM 2710 ML',156.52,'Porto Brasil Cerâmica',25,'A Porto Brasil buscou inspiração no passado medieval para criar a linha Windsor. Com sua pintura desgastada e rústica, a linha Windsor transmite os ares da antiga monarquia, quando reis e rainhas viviam em castelos como o de Windsor que eram rústicos e transmitiam a sensação de força e proteção. Deixe a realeza fazer parte de sua mesa.',10),(148,'TIGELA MADELEINE MÉDIA BRANCO Ø 21 CM 1500 ML',144.56,'Porto Brasil Cerâmica',24,'O tempo passa rápido. Ficamos presos à rotina e à falta de tempo. Bordar é uma arte que exalta o contrário: a lentidão e a paciência. É um trabalho que deixa marcas. O tempo e o esforço do artesão ficam impressos para sempre. A magia de deixar uma marca para o amanhã é inspiradora e foi o motivo de criarmos a linha Madeleine.',10),(149,'TIGELA MADELEINE GRANDE BRANCO Ø 24 CM 2500 ML',194.56,'Porto Brasil Cerâmica',30,'O tempo passa rápido. Ficamos presos à rotina e à falta de tempo. Bordar é uma arte que exalta o contrário: a lentidão e a paciência. É um trabalho que deixa marcas. O tempo e o esforço do artesão ficam impressos para sempre. A magia de deixar uma marca para o amanhã é inspiradora e foi o motivo de criarmos a linha Madeleine.',10),(150,'TRAVESSA CAMPESTRE MÉDIA BRANCO Ø 32 CM',174.16,'Porto Brasil Cerâmica',20,'Esta linha possui uma leveza nas cores e nos relevos bem trabalhados. Composta por decorações em tons de verde, com travessas e tigelas em flores brancas, e também de suas lindas petisqueiras em várias cores. Brilha em qualquer tempo, em qualquer evento, onde se possa apresentá-la em sua totalidade.',11),(151,'TRAVESSA BOUQUET GARNI MÉDIA VERDE VIVO - COLEÇÃO ',259.16,'Porto Brasil Cerâmica',15,'Os verdes da Coleção Ervas vão encher a sua mesa de cor. Mas não é tudo verde? Ah, mas não é um verde só: tem verde vivo, verde suave, verde fresco e verde seco. Umas lindezas! A coleção está cheia de novidades, mas continua com aquela característica marcante das minhas produções: o tom de garimpo que deixa a mesa superexclusiva.',11),(152,'TRAVESSA BOUQUET GARNI GRANDE VERDE SUAVE - COLEÇÃ',349.26,'Porto Brasil Cerâmica',30,'Os verdes da Coleção Ervas vão encher a sua mesa de cor. Mas não é tudo verde? Ah, mas não é um verde só: tem verde vivo, verde suave, verde fresco e verde seco. Umas lindezas! A coleção está cheia de novidades, mas continua com aquela característica marcante das minhas produções: o tom de garimpo que deixa a mesa superexclusiva.',11),(153,'TRAVESSA PÉRGAMO MÉDIA CURRY - PANELINHA 36X24,5 C',144.42,'Porto Brasil Cerâmica',10,'Rita Lobo lança novas peças da Coleção Especiarias, do Acervo Panelinha. Depois do sucesso do lançamento da Coleção Especiarias, que chegou às lojas em abril deste ano, a chef Rita Lobo traz uma surpresa para o Natal: novos produtos do Acervo Panelinha, sua marca de louças, que agora já tem 23 peças. Tem mais duas cores, soluções para todos os perfis de público e um Especial de Natal estrelado pelas louças, com receitas deliciosas',11),(154,'TRAVESSA LEAVES GRANDE CANELA 51X29 CM',209.56,'Porto Brasil Cerâmica',30,'Tão linda que você vai querer deixar na mesa! Esta é a Travessa Folha (canela) da Coleção Especiarias | @AcervoPanelinha, da @RitaLobo. Confira todas as peças do @AcervoPanelinha.',11),(155,'TRAVESSA CAMPESTRE MÉDIA PIMENTA-ROSA Ø 32 CM',130.72,'Porto Brasil Cerâmica',35,'Um mimo! Esta é a Travessa Flor M (pimenta rosa) da Coleção Especiarias | @AcervoPanelinha, da @RitaLobo. Confira todas as peças do @AcervoPanelinha.',11),(156,'TRAVESSA CAMPESTRE GRANDE CÚRCUMA Ø 43,5 CM',189.02,'Porto Brasil Cerâmica',27,'A Travessa Flor G (cúrcuma) da Coleção Especiarias | @AcervoPanelinha, da @RitaLobo é assim: serve o prato principal, fica para acomodar o bolo e, claro, funciona como centro de mesa.',11),(157,'TRAVESSA MADELEINE MÉDIA BRANCO 36 X 24,5 CM',133.36,'Porto Brasil Cerâmica',30,'O tempo passa rápido. Ficamos presos à rotina e à falta de tempo. Bordar é uma arte que exalta o contrário: a lentidão e a paciência. É um trabalho que deixa marcas. O tempo e o esforço do artesão ficam impressos para sempre. A magia de deixar uma marca para o amanhã é inspiradora e foi o motivo de criarmos a linha Madeleine.',11),(158,'TRAVESSA MADELEINE GRANDE BRANCO 43,5 X 30 CM',155.99,'Porto Brasil Cerâmica',20,'O tempo passa rápido. Ficamos presos à rotina e à falta de tempo. Bordar é uma arte que exalta o contrário: a lentidão e a paciência. É um trabalho que deixa marcas. O tempo e o esforço do artesão ficam impressos para sempre. A magia de deixar uma marca para o amanhã é inspiradora e foi o motivo de criarmos a linha Madeleine.',11),(159,'TRAVESSA CAMPESTRE GRANDE BRANCO Ø 43,5 CM',196.52,'Porto Brasil Cerâmica',25,'Esta linha possui uma leveza nas cores e nos relevos bem trabalhados. Composta por decorações em tons de verde, com travessas e tigelas em flores brancas, e também de suas lindas petisqueiras em várias cores. Brilha em qualquer tempo, em qualquer evento, onde se possa apresentá-la em sua totalidade.',11),(160,'TRAVESSA ROMA MÉDIA BRANCO 36 X 24,5 CM',167.56,'Porto Brasil Cerâmica',20,'Essa linha tem como tema principal os relevos das colunas romanas, trazendo uma simetria agradável em suas formas. A linha Roma agrada desde o primeiro olhar e deixará sua mesa com um toque clássico no dia a dia.',11),(161,'TRAVESSA ROMA GRANDE BRANCO 43,5 X 30 CM',184.56,'Porto Brasil Cerâmica',30,'Essa linha tem como tema principal os relevos das colunas romanas, trazendo uma simetria agradável em suas formas. A linha Roma agrada desde o primeiro olhar e deixará sua mesa com um toque clássico no dia a dia.',11),(162,'PRATO DE BOLO PASSION MÉDIO COM PÉ NOZ-MOSCADA - P',167.36,'Porto Brasil Cerâmica',20,'Rita Lobo lança novas peças da Coleção Especiarias, do Acervo Panelinha. Depois do sucesso do lançamento da Coleção Especiarias, que chegou às lojas em abril deste ano, a chef Rita Lobo traz uma surpresa para o Natal: novos produtos do Acervo Panelinha, sua marca de louças, que agora já tem 23 peças. Tem mais duas cores, soluções para todos os perfis de público e um Especial de Natal estrelado pelas louças, com receitas deliciosas',12),(163,'PRATO DE BOLO BOUQUET GARNI MÉDIO VERDE FRESCO - C',196.26,'Porto Brasil Cerâmica',15,'O bolo de aniversário fica mais importante no Prato de Bolo com Pé (sumac) da Coleção Especiarias | @AcervoPanelinha, da @RitaLobo. Mas ele fica lindo na bancada da cozinha para organizar os temperos, serve de suporte para os petiscos do happy hour, é todo versátil! Confira todas as peças que vão temperar a sua mesa.',12),(164,'PRATO DE BOLO PASSION GRANDE SUMAC Ø 37 CM',196.26,'Porto Brasil Cerâmica',30,'O bolo de aniversário fica mais importante no Prato de Bolo com Pé (sumac) da Coleção Especiarias | @AcervoPanelinha, da @RitaLobo. Mas ele fica lindo na bancada da cozinha para organizar os temperos, serve de suporte para os petiscos do happy hour, é todo versátil! Confira todas as peças que vão temperar a sua mesa.',12),(165,'PRATO DE BOLO BOUQUET GARNI GRANDE VERDE VIVO - CO',244.42,'Porto Brasil Cerâmica',10,'Os verdes da Coleção Ervas vão encher a sua mesa de cor. Mas não é tudo verde? Ah, mas não é um verde só: tem verde vivo, verde suave, verde fresco e verde seco. Umas lindezas! A coleção está cheia de novidades, mas continua com aquela característica marcante das minhas produções: o tom de garimpo que deixa a mesa superexclusiva.',12),(166,'PRATO DE BOLO MADELEINE MÉDIO BRANCO Ø 27 CM',149.56,'Porto Brasil Cerâmica',30,'O tempo passa rápido. Ficamos presos à rotina e à falta de tempo. Bordar é uma arte que exalta o contrário: a lentidão e a paciência. É um trabalho que deixa marcas. O tempo e o esforço do artesão ficam impressos para sempre. A magia de deixar uma marca para o amanhã é inspiradora e foi o motivo de criarmos a linha Madeleine.',12),(167,'PRATO DE BOLO WINDSOR MÉDIO Ø 30 CM',160.72,'Porto Brasil Cerâmica',35,' Porto Brasil buscou inspiração no passado medieval para criar a linha Windsor. Com sua pintura desgastada e rústica, a linha Windsor transmite os ares da antiga monarquia, quando reis e rainhas viviam em castelos como o de Windsor que eram rústicos e transmitiam a sensação de força e proteção. Deixe a realeza fazer parte de sua mesa.',12),(168,'PRATO DE BOLO WINDSOR GRANDE Ø 37 CM',189.02,'Porto Brasil Cerâmica',27,' Porto Brasil buscou inspiração no passado medieval para criar a linha Windsor. Com sua pintura desgastada e rústica, a linha Windsor transmite os ares da antiga monarquia, quando reis e rainhas viviam em castelos como o de Windsor que eram rústicos e transmitiam a sensação de força e proteção. Deixe a realeza fazer parte de sua mesa.',12),(169,'APARELHO DE JANTAR 20 PEÇAS COUP FOLIAGE',593.22,'Porto Brasil Cerâmica',20,'Moro num país tropical. Sim, o Brasil é um país de uma beleza exuberante. Nós somos apaixonados por ele e nosso nome é a maior prova disso. A beleza da nossa terra inspirou a criação da linha Foliage.',13),(170,'APARELHO DE JANTAR 20 PEÇAS COUP PINEAPPLE GREEN',619.56,'Porto Brasil Cerâmica',15,'Há quem diga que um abacaxi é sinônimo de problema. A Porto Brasil acredita no contrário: o abacaxi é sinônimo de hospitalidade. E existe coisa mais acolhedora que estar com que amamos? Linha Pineapple. Viva o momento.',13),(171,'APARELHO DE JANTAR 20 PEÇAS COUP PINEAPPLE NATURAL',619.56,'Porto Brasil Cerâmica',30,'Há quem diga que um abacaxi é sinônimo de problema. A Porto Brasil acredita no contrário: o abacaxi é sinônimo de hospitalidade. E existe coisa mais acolhedora que estar com que amamos? Linha Pineapple. Viva o momento.',13),(172,'AP DE JANTAR 20 PEÇAS COUP FOLIAGE',619.56,'Porto Brasil Cerâmica',10,'Moro num país tropical. Sim, o Brasil é um país de uma beleza exuberante. Nós somos apaixonados por ele e nosso nome é a maior prova disso. A beleza da nossa terra inspirou a criação da linha Foliage.',13),(173,'APARELHO DE JANTAR 20 PEÇAS COUP BRANCO',449.56,'Porto Brasil Cerâmica',30,'A linha Coup é aquela linha que não pode faltar na mesa daqueles que não abrem mão do clássico. Com seu design simples e arrojado, as peças da linha Coup deixam sua mesa leve e suave.',13),(174,'APARELHO DE JANTAR 20 PEÇAS WINDSOR',560.72,'Porto Brasil Cerâmica',35,'A Porto Brasil buscou inspiração no passado medieval para criar a linha Windsor. Com sua pintura desgastada e rústica, a linha Windsor transmite os ares da antiga monarquia, quando reis e rainhas viviam em castelos como o de Windsor que eram rústicos e transmitiam a sensação de força e proteção. Deixe a realeza fazer parte de sua mesa.',13),(175,'APARELHO DE JANTAR 20 PEÇAS MADELEINE BRANCO',489.02,'Porto Brasil Cerâmica',27,'O tempo passa rápido. Ficamos presos à rotina e à falta de tempo. Bordar é uma arte que exalta o contrário: a lentidão e a paciência. É um trabalho que deixa marcas. O tempo e o esforço do artesão ficam impressos para sempre. A magia de deixar uma marca para o amanhã é inspiradora e foi o motivo de criarmos a linha Madeleine.',13),(176,'APARELHO DE JANTAR 20 PEÇAS ACANTHUS BRANCO',533.36,'Porto Brasil Cerâmica',30,'Acanthus é o nome de uma folha muito utilizada pelos antigos arquitetos gregos como ornamentos de colunas e templos chamado capitel. Esses ornamentos foram e ainda são muito utilizados. Contudo, esse ícone se iniciou no período clássico na antiguidade na Grécia. A Porto Brasil criou mais uma linha que traz toda classe desse período.',13),(177,'APARELHO DE JANTAR 20 PEÇAS ROMA BRANCO',455.99,'Porto Brasil Cerâmica',20,'Essa linha tem como tema principal os relevos das colunas romanas, trazendo uma simetria agradável em suas formas. A linha Roma agrada desde o primeiro olhar e deixará sua mesa com um toque clássico no dia a dia.',13),(178,'APARELHO DE JANTAR 20 PEÇAS ATENAS BRANCO',396.52,'Porto Brasil Cerâmica',25,'A Porto Brasil se inspirou nos ornamentos gregos para criação desta linha. Com uma borda suave, a linha Atenas transformará com perfeição a sua mesa tornando-a ainda mais bela.',13),(179,'APARELHO DE JANTAR 20 PEÇAS MÔNACO BRANCO',467.56,'Porto Brasil Cerâmica',20,'Mônaco é uma das atrações turísticas mais luxuosas do mundo. Pequena em tamanho, mas enorme em cultura e história, essas terras ao Sul da França representam o quão extraordinárias podem ser as pequenas nações. A linha Mônaco reforça a ideia do quão extraordinária pode ficar a sua mesa usando peças elementares.',13),(180,'AP DE JANTAR 20 PEÇAS COUP CHEVRON',584.56,'Porto Brasil Cerâmica',30,'Moderno - Encontrada desde 1800 a.C. nas famosas porcelanas gregas, as linhas em zigue zague, originalmente pretas e brancas, em forma de \"V\" estampam geometricamente a linha Chevron. O termo que significa \"Escama de Peixe\", mas em sua mesa ele ganha outro significado.',13),(181,'APARELHO DE JANTAR 30 PEÇAS COUP FOLIAGE',917.06,'Porto Brasil Cerâmica',20,'Moro num país tropical. Sim, o Brasil é um país de uma beleza exuberante. Nós somos apaixonados por ele e nosso nome é a maior prova disso. A beleza da nossa terra inspirou a criação da linha Foliage.',14),(182,'APARELHO DE JANTAR 30 PEÇAS DAISY BRANCO',639.56,'Porto Brasil Cerâmica',15,'Traços delicados inspirados nas formas da natureza. As flores são a melhor maneira de deixar a casa transbordando vida e alegria. Nossa linha representa a vida do campo, a simplicidade e a delicadeza da Margarida',14),(183,'APARELHO DE JANTAR 30 PEÇAS COUP ANGIE',877.12,'Porto Brasil Cerâmica',30,'Você percebeu como algumas canções conseguem deixar nossos momentos mais envolventes? Mesclar uma atmosfera romântica com a estética Rock and Roll foi o que norteou a criação da linha Angie.',14),(184,'APARELHO DE JANTAR 30 PEÇAS COUP PINEAPPLE GREEN',917.06,'Porto Brasil Cerâmica',10,'Há quem diga que um abacaxi é sinônimo de problema. A Porto Brasil acredita no contrário: o abacaxi é sinônimo de hospitalidade. E existe coisa mais acolhedora que estar com que amamos? Linha Pineapple. Viva o momento.',14),(185,'APARELHO DE JANTAR 30 PEÇAS COUP PINEAPPLE NATURAL',917.06,'Porto Brasil Cerâmica',30,'Há quem diga que um abacaxi é sinônimo de problema. A Porto Brasil acredita no contrário: o abacaxi é sinônimo de hospitalidade. E existe coisa mais acolhedora que estar com que amamos? Linha Pineapple. Viva o momento.',14),(186,'AP DE JANTAR 30 PEÇAS COUP CHEVRON',960.72,'Porto Brasil Cerâmica',35,'Moderno - Encontrada desde 1800 a.C. nas famosas porcelanas gregas, as linhas em zigue zague, originalmente pretas e brancas, em forma de \"V\" estampam geometricamente a linha Chevron. O termo que significa \"Escama de Peixe\", mas em sua mesa ele ganha outro significado.',14),(187,'APARELHO DE JANTAR 30 PEÇAS WINDSOR',889.02,'Porto Brasil Cerâmica',27,'A Porto Brasil buscou inspiração no passado medieval para criar a linha Windsor. Com sua pintura desgastada e rústica, a linha Windsor transmite os ares da antiga monarquia, quando reis e rainhas viviam em castelos como o de Windsor que eram rústicos e transmitiam a sensação de força e proteção. Deixe a realeza fazer parte de sua mesa.',14),(188,'APARELHO DE JANTAR 30 PEÇAS ROMA BRANCO',833.36,'Porto Brasil Cerâmica',30,'Essa linha tem como tema principal os relevos das colunas romanas, trazendo uma simetria agradável em suas formas. A linha Roma agrada desde o primeiro olhar e deixará sua mesa com um toque clássico no dia a dia.',14),(189,'APARELHO DE JANTAR 30 PEÇAS MADELEINE BRANCO',855.99,'Porto Brasil Cerâmica',20,'O tempo passa rápido. Ficamos presos à rotina e à falta de tempo. Bordar é uma arte que exalta o contrário: a lentidão e a paciência. É um trabalho que deixa marcas. O tempo e o esforço do artesão ficam impressos para sempre. A magia de deixar uma marca para o amanhã é inspiradora e foi o motivo de criarmos a linha Madeleine.',14),(190,'APARELHO DE JANTAR 30 PEÇAS ACANTHUS BRANCO',896.52,'Porto Brasil Cerâmica',25,'Acanthus é o nome de uma folha muito utilizada pelos antigos arquitetos gregos como ornamentos de colunas e templos chamado capitel. Esses ornamentos foram e ainda são muito utilizados. Contudo, esse ícone se iniciou no período clássico na antiguidade na Grécia. A Porto Brasil criou mais uma linha que traz toda classe desse período.',14),(191,'APARELHO DE JANTAR 30 PEÇAS ROMA BRANCO',867.56,'Porto Brasil Cerâmica',20,'Essa linha tem como tema principal os relevos das colunas romanas, trazendo uma simetria agradável em suas formas. A linha Roma agrada desde o primeiro olhar e deixará sua mesa com um toque clássico no dia a dia.',14),(192,'APARELHO DE JANTAR 30 PEÇAS ATENAS BRANCO',884.56,'Porto Brasil Cerâmica',30,'A Porto Brasil se inspirou nos ornamentos gregos para criação desta linha. Com uma borda suave, a linha Atenas transformará com perfeição a sua mesa tornando-a ainda mais bela.',14),(193,'APARELHO DE JANTAR 42 PEÇAS COUP FOLIAGE',1110.86,'Porto Brasil Cerâmica',20,'Moro num país tropical. Sim, o Brasil é um país de uma beleza exuberante. Nós somos apaixonados por ele e nosso nome é a maior prova disso. A beleza da nossa terra inspirou a criação da linha Foliage.',15),(194,'APARELHO DE JANTAR 42 PEÇAS COUP PINEAPPLE GREEN',1110.86,'Porto Brasil Cerâmica',15,'Há quem diga que um abacaxi é sinônimo de problema. A Porto Brasil acredita no contrário: o abacaxi é sinônimo de hospitalidade. E existe coisa mais acolhedora que estar com que amamos? Linha Pineapple. Viva o momento.',15),(195,'APARELHO DE JANTAR 42 PEÇAS COUP PINEAPPLE NATURAL',1110.86,'Porto Brasil Cerâmica',30,'Há quem diga que um abacaxi é sinônimo de problema. A Porto Brasil acredita no contrário: o abacaxi é sinônimo de hospitalidade. E existe coisa mais acolhedora que estar com que amamos? Linha Pineapple. Viva o momento.',15),(196,'APARELHO DE JANTAR 42 PEÇAS WINDSOR',1017.06,'Porto Brasil Cerâmica',10,'A Porto Brasil buscou inspiração no passado medieval para criar a linha Windsor. Com sua pintura desgastada e rústica, a linha Windsor transmite os ares da antiga monarquia, quando reis e rainhas viviam em castelos como o de Windsor que eram rústicos e transmitiam a sensação de força e proteção. Deixe a realeza fazer parte de sua mesa.',15),(197,'APARELHO DE JANTAR 42 PEÇAS MADELEINE BRANCO',1017.06,'Porto Brasil Cerâmica',30,'O tempo passa rápido. Ficamos presos à rotina e à falta de tempo. Bordar é uma arte que exalta o contrário: a lentidão e a paciência. É um trabalho que deixa marcas. O tempo e o esforço do artesão ficam impressos para sempre. A magia de deixar uma marca para o amanhã é inspiradora e foi o motivo de criarmos a linha Madeleine.',15),(198,'APARELHO DE JANTAR 42 PEÇAS ACANTHUS BRANCO',1060.72,'Porto Brasil Cerâmica',35,'Acanthus é o nome de uma folha muito utilizada pelos antigos arquitetos gregos como ornamentos de colunas e templos chamado capitel. Esses ornamentos foram e ainda são muito utilizados. Contudo, esse ícone se iniciou no período clássico na antiguidade na Grécia. A Porto Brasil criou mais uma linha que traz toda classe desse período.',15),(199,'APARELHO DE JANTAR 42 PEÇAS ROMA BRANCO',1089.02,'Porto Brasil Cerâmica',27,'Essa linha tem como tema principal os relevos das colunas romanas, trazendo uma simetria agradável em suas formas. A linha Roma agrada desde o primeiro olhar e deixará sua mesa com um toque clássico no dia a dia.',15),(200,'APARELHO DE JANTAR 42 PEÇAS ATENAS BRANCO',1133.36,'Porto Brasil Cerâmica',30,'A Porto Brasil se inspirou nos ornamentos gregos para criação desta linha. Com uma borda suave, a linha Atenas transformará com perfeição a sua mesa tornando-a ainda mais bela.',15),(201,'APARELHO DE JANTAR 42 PEÇAS MÔNACO BRANCO',1055.99,'Porto Brasil Cerâmica',20,'Mônaco é uma das atrações turísticas mais luxuosas do mundo. Pequena em tamanho, mas enorme em cultura e história, essas terras ao Sul da França representam o quão extraordinárias podem ser as pequenas nações. A linha Mônaco reforça a ideia do quão extraordinária pode ficar a sua mesa usando peças elementares.',15),(202,'APARELHO DE JANTAR 42 PEÇAS COUP BRANCO',1196.52,'Porto Brasil Cerâmica',25,'A linha Coup é aquela linha que não pode faltar na mesa daqueles que não abrem mão do clássico. Com seu design simples e arrojado, as peças da linha Coup deixam sua mesa leve e suave.',15);
/*!40000 ALTER TABLE `produtos` ENABLE KEYS */;
UNLOCK TABLES;

--
-- Table structure for table `usuarios`
--

DROP TABLE IF EXISTS `usuarios`;
/*!40101 SET @saved_cs_client     = @@character_set_client */;
/*!40101 SET character_set_client = utf8 */;
CREATE TABLE `usuarios` (
  `id` int(10) unsigned NOT NULL AUTO_INCREMENT,
  `email` varchar(320) CHARACTER SET utf8 NOT NULL,
  `senha` varchar(60) COLLATE utf8_unicode_ci NOT NULL,
  `nome` varchar(50) COLLATE utf8_unicode_ci NOT NULL,
  `cpf` varchar(11) COLLATE utf8_unicode_ci NOT NULL,
  `rg` varchar(11) COLLATE utf8_unicode_ci NOT NULL,
  `sexo` char(1) COLLATE utf8_unicode_ci NOT NULL,
  `dataNascimento` date NOT NULL,
  `telefones` varchar(30) COLLATE utf8_unicode_ci NOT NULL,
  `createdAt` timestamp NOT NULL DEFAULT current_timestamp(),
  `updatedAt` datetime DEFAULT current_timestamp() ON UPDATE current_timestamp(),
  PRIMARY KEY (`id`)
) ENGINE=InnoDB AUTO_INCREMENT=15 DEFAULT CHARSET=utf8 COLLATE=utf8_unicode_ci;
/*!40101 SET character_set_client = @saved_cs_client */;

--
-- Dumping data for table `usuarios`
--

LOCK TABLES `usuarios` WRITE;
/*!40000 ALTER TABLE `usuarios` DISABLE KEYS */;
INSERT INTO `usuarios` VALUES (1,'adilson@gmail.com','$2b$08$y5j2xaIKp.BLI5i.eZjKc.JXwNWQIEZe8GM15s7ey6gnDZW4px/7m','Adilson Santos','00021474836','04294967295','M','1965-04-13','1123558244','2022-09-30 22:11:49','2022-09-30 19:27:51'),(2,'aline@gmail.com','$2b$08$ob4G75pOgEo2jC8QwKLQjeGqxrqf6IonnYLGXA2px3M3hMc4hdoJi','Aline Fonseca','00021474836','04294967295','F','1974-04-17','1123558244','2022-09-30 22:15:18','2022-09-30 19:27:51'),(3,'marcio@gmail.com','$2b$08$pDFuT4MQO3Om1Ij6xMY.8OG09CvtuAHp.c7kDzmzrPgdJV.Ttrvkq','Marcio Santos','00021474836','04294967295','M','1967-11-30','1123558244','2022-09-30 22:20:52','2022-09-30 22:20:52'),(4,'victor@gmail.com','$2b$08$1pMvgINvt.RewJWcH9Nu..MJgBI1p3zratS.A46XovLMbF/QfhTya','Victor Miyazaki','00021474836','04294967295','M','2002-02-07','1123558244','2022-09-30 22:25:46','2022-09-30 22:25:46'),(5,'iago@gmail.com','$2b$08$DiAKfDrpsRyZPppFPqrJEej4FF0HzhUcjVpWo119046GTdBgQa4Gy','Iago Nunes','00021474836','04294967295','M','1990-03-09','1123558244','2022-09-30 22:32:20','2022-09-30 22:32:20'),(6,'marcelo@gmail.com','$2b$08$D.r5Gz2R0VgEeIoZAP4aEuQvfcSSDhATEs9UfjFLjAR8dTrMIW/YG','Marcelo Borges','00021474836','04294967295','M','1992-07-19','(11)34348989','2022-09-30 22:36:22','2022-09-30 22:36:22'),(7,'joao@gmail.com','$2b$08$RbDYy0g9Tk6wxNEXkuBiz.hODTalDFjn9B6bdCF7J.bSyPHCUzz8.','João da Silva','00021474836','04294967295','M','2000-08-08','(34)23923400','2022-09-30 22:43:10','2022-09-30 22:43:10'),(8,'martins@gmail.com','$2b$08$yOD06qWNpm6Vbh5RxjZM.eDvpC.Zv2srj699Z9k6IPS235ne/.IqC','Martins Silva','00021474836','04294967295','M','1987-12-15','(23)987563466','2022-09-30 22:46:58','2022-09-30 22:46:58'),(9,'carol@gmail.com','$2b$08$VL.d7G2SyqN2ebUK4YjSWukSDK4L1JUd6DKzRRC725aiC41sVP6E6','Carolina Souza','00021474836','04294967295','F','2010-06-22','(11)23456789','2022-09-30 22:54:56','2022-09-30 22:54:56'),(10,'rosana@gmail.com','$2b$08$a4RIhibJOuUACFvbqHWIy.N6zD.fxnraFc2FDSg8KaAgmGcCzOnoy','Rosana Brancucci','00021474836','00141997308','F','1972-07-09','1123558244','2022-09-30 23:10:07','2022-09-30 23:10:07'),(11,'roberval@gmail.com','$2b$08$LWWNP9TkFw.PN///SgpqPu2C2kzBgo1WWDgS1553M8FVRiNfsNV2C','Roberval Taylor','00021474836','00345678909','M','1950-09-01','(23)43512418','2022-09-30 23:14:47','2022-09-30 23:14:47'),(12,'carla@gmail.com','$2b$08$9IxmmJYSl6wiLknfCLMnWuQXJEkvb0RwmdabTtzWuS/aNHsCDRNhq','Carla Mateus','00042949672','00141997308','F','1995-11-15','(11)987654300','2022-09-30 23:18:31','2022-09-30 23:18:31'),(13,'manoel@gmail.com','$2b$08$RbwEA5oyhwh55IaA/m2x/.szEJP9QIRULE3wyk2dfWgW9ecSvfONi','Manoel de Almeida','06940604880','141997308','M','1978-03-11','(11)34567800','2022-09-30 23:27:29','2022-09-30 23:27:29'),(14,'aline@gmail.com','$2b$08$BaUWQ5Q6R1LUyQfKP5M/aO0YwZdyEVhi3fauOdFgkfVkhtpodta02','Aline Fonseca','90090090088','20020020099','F','1978-01-01','1123558244','2022-10-02 15:46:42','2022-10-02 15:46:42');
/*!40000 ALTER TABLE `usuarios` ENABLE KEYS */;
UNLOCK TABLES;
/*!40103 SET TIME_ZONE=@OLD_TIME_ZONE */;

/*!40101 SET SQL_MODE=@OLD_SQL_MODE */;
/*!40014 SET FOREIGN_KEY_CHECKS=@OLD_FOREIGN_KEY_CHECKS */;
/*!40014 SET UNIQUE_CHECKS=@OLD_UNIQUE_CHECKS */;
/*!40101 SET CHARACTER_SET_CLIENT=@OLD_CHARACTER_SET_CLIENT */;
/*!40101 SET CHARACTER_SET_RESULTS=@OLD_CHARACTER_SET_RESULTS */;
/*!40101 SET COLLATION_CONNECTION=@OLD_COLLATION_CONNECTION */;
/*!40111 SET SQL_NOTES=@OLD_SQL_NOTES */;

-- Dump completed on 2022-10-04  9:31:06
